/*******************************************************************************
 * Size: 20 px
 * Bpp: 2
 * Opts: --font C:/Users/Administrator/Desktop/233159179231190142229165189228189147.ttf --size 20 --bpp 2 --format lvgl --lv-font-name tiktok20 -o D:\LVGL\lvgl_conv_tool\output\tiktok20.c --no-compress --lv-fallback lv_font_simsun_16_cjk -r 0x20-0x7F --symbols 年退6详多添雨言功2卡试示告蓝加在9二四断回误热接否播D三消搜量失器风首除温静阴朗期周S描关云认.4停提置网警六7连续络始查一页:败1已设是菜炎牙情主定晴启索日错暖5跳8五单动止删正放继过辑返完看出取少时亮确语乐未载音下暂上存0保重对江月编扫3湛度间开比成
 ******************************************************************************/

#ifdef __has_include
    #if __has_include("lvgl.h")
        #ifndef LV_LVGL_H_INCLUDE_SIMPLE
            #define LV_LVGL_H_INCLUDE_SIMPLE
        #endif
    #endif
#endif

#ifdef LV_LVGL_H_INCLUDE_SIMPLE
    #include "lvgl.h"
#else
    #include "lvgl/lvgl.h"
#endif

#ifndef TIKTOK20
#define TIKTOK20 1
#endif

#if TIKTOK20

/*-----------------
 *    BITMAPS
 *----------------*/

/*Store the image of the glyphs*/
static LV_ATTRIBUTE_LARGE_CONST const uint8_t glyph_bitmap[] = {
    /* U+0020 " " */

    /* U+0021 "!" */
    0x3e, 0x3e, 0x3d, 0x3d, 0x3d, 0x3d, 0x3d, 0x3d,
    0x3d, 0x3c, 0x14, 0x0, 0x3e, 0x3e, 0x3e,

    /* U+0022 "\"" */
    0xf5, 0xfb, 0x4f, 0xb4, 0xfb, 0x4f, 0x60, 0x90,

    /* U+0023 "#" */
    0x0, 0xb8, 0x7c, 0x0, 0xf4, 0x78, 0x0, 0xf0,
    0xb8, 0x0, 0xf0, 0xf4, 0x1f, 0xff, 0xff, 0x1f,
    0xff, 0xfe, 0x3, 0xe2, 0xe0, 0x3, 0xc2, 0xe0,
    0x3, 0xc3, 0xd0, 0x3f, 0xff, 0xfc, 0x7f, 0xff,
    0xfc, 0xb, 0x47, 0x80, 0xf, 0xb, 0x80, 0xf,
    0xf, 0x40, 0x1f, 0xf, 0x0,

    /* U+0024 "$" */
    0x0, 0x60, 0x0, 0x3, 0xd0, 0x0, 0xf, 0x40,
    0x1, 0xbf, 0xe0, 0x1f, 0xff, 0xd0, 0xff, 0xeb,
    0x7, 0xdb, 0x0, 0x2f, 0x2c, 0x0, 0x7e, 0xb0,
    0x0, 0xff, 0xe0, 0x0, 0xff, 0xf8, 0x0, 0x2f,
    0xf8, 0x0, 0xb3, 0xf0, 0x2, 0xcb, 0xc0, 0xb,
    0x3f, 0xf, 0xbf, 0xfc, 0x7f, 0xff, 0xc0, 0xbf,
    0xf8, 0x0, 0xf, 0x40, 0x0, 0x18, 0x0,

    /* U+0025 "%" */
    0x2f, 0x80, 0x1f, 0xb, 0xfd, 0x3, 0xc0, 0xf0,
    0xe0, 0x78, 0xf, 0xf, 0xf, 0x0, 0xf0, 0xf2,
    0xe0, 0xf, 0x1e, 0x3c, 0x0, 0xbf, 0xdb, 0x40,
    0x1, 0xa4, 0xf1, 0xa0, 0x0, 0x2d, 0xbf, 0xc0,
    0x7, 0xcf, 0x1e, 0x0, 0xf4, 0xf0, 0xe0, 0x1f,
    0xf, 0xe, 0x3, 0xc0, 0xf0, 0xe0, 0x78, 0xf,
    0xbd, 0xf, 0x0, 0x2f, 0x40,

    /* U+0026 "&" */
    0x2, 0xfd, 0x0, 0x0, 0xff, 0xf4, 0x0, 0x1f,
    0xb, 0x80, 0x1, 0xf0, 0x7c, 0x0, 0xf, 0xb,
    0x40, 0x0, 0xbe, 0xf0, 0x0, 0x3, 0xf8, 0x0,
    0x1, 0xff, 0xc1, 0xf0, 0x7e, 0x7e, 0x1e, 0xb,
    0xc1, 0xfb, 0xd0, 0xf4, 0x7, 0xfc, 0xf, 0x80,
    0x2f, 0x80, 0xbd, 0xb, 0xfc, 0x3, 0xff, 0xfb,
    0xf0, 0xb, 0xf8, 0xf, 0xc0,

    /* U+0027 "'" */
    0xf6, 0xdb, 0x6d, 0x60,

    /* U+0028 "(" */
    0x0, 0x90, 0xf, 0x40, 0x7c, 0x3, 0xd0, 0x1f,
    0x0, 0xb8, 0x3, 0xd0, 0xf, 0x0, 0x3c, 0x0,
    0xf0, 0x3, 0xc0, 0xf, 0x0, 0x3d, 0x0, 0xf8,
    0x2, 0xe0, 0x3, 0xc0, 0xb, 0x80, 0xf, 0x0,
    0x1e, 0x0,

    /* U+0029 ")" */
    0x64, 0x3, 0xc0, 0x2f, 0x0, 0xf4, 0xb, 0x80,
    0x7c, 0x3, 0xd0, 0x3d, 0x3, 0xe0, 0x3e, 0x3,
    0xe0, 0x3d, 0x3, 0xd0, 0x7c, 0x7, 0xc0, 0xf8,
    0x1f, 0x3, 0xe0, 0x7c, 0x0,

    /* U+002A "*" */
    0x1, 0xd0, 0x4, 0x74, 0x43, 0xee, 0xf0, 0x7f,
    0xf4, 0xb, 0xf8, 0xf, 0xff, 0xc2, 0x5d, 0x60,
    0x7, 0x40, 0x0, 0x0, 0x0,

    /* U+002B "+" */
    0x0, 0xf0, 0x0, 0xf, 0x0, 0x0, 0xf0, 0x0,
    0xf, 0x0, 0xbf, 0xff, 0xeb, 0xff, 0xfe, 0x0,
    0xf0, 0x0, 0xf, 0x0, 0x0, 0xf0, 0x0, 0xf,
    0x0,

    /* U+002C "," */
    0x1f, 0xb, 0xc3, 0xe0, 0xf0, 0x3c, 0x0,

    /* U+002D "-" */
    0x0, 0x0, 0xff, 0xe3, 0xff, 0x80,

    /* U+002E "." */
    0x7c, 0xbc, 0xbc,

    /* U+002F "/" */
    0x0, 0x1, 0x90, 0x0, 0x3d, 0x0, 0x7, 0xc0,
    0x0, 0xf8, 0x0, 0xf, 0x0, 0x2, 0xf0, 0x0,
    0x3d, 0x0, 0x7, 0xc0, 0x0, 0xb8, 0x0, 0xf,
    0x0, 0x1, 0xf0, 0x0, 0x3d, 0x0, 0x7, 0xc0,
    0x0, 0xb8, 0x0, 0xf, 0x0, 0x1, 0xf0, 0x0,
    0x3d, 0x0, 0x3, 0xc0, 0x0,

    /* U+0030 "0" */
    0x7, 0xfd, 0x2, 0xff, 0xf4, 0x3f, 0x5f, 0xcb,
    0xc0, 0x7d, 0xbc, 0x3, 0xef, 0xc0, 0x3e, 0xf8,
    0x3, 0xef, 0x80, 0x3e, 0xf8, 0x3, 0xef, 0x80,
    0x3e, 0xfc, 0x3, 0xeb, 0xc0, 0x7d, 0x7f, 0x5f,
    0xc2, 0xff, 0xf4, 0xb, 0xfd, 0x0,

    /* U+0031 "1" */
    0x7, 0xe7, 0xfe, 0xff, 0xe9, 0x3e, 0x3, 0xe0,
    0x3e, 0x3, 0xe0, 0x3e, 0x3, 0xe0, 0x3e, 0x3,
    0xe0, 0x3e, 0x3, 0xe0, 0x3e, 0x3, 0xe0,

    /* U+0032 "2" */
    0x2, 0xfe, 0x0, 0x7f, 0xff, 0x3, 0xf9, 0xbf,
    0xb, 0x0, 0xbc, 0x0, 0x1, 0xf0, 0x0, 0xb,
    0xc0, 0x0, 0x3e, 0x0, 0x2, 0xf0, 0x0, 0x2f,
    0x40, 0x2, 0xf4, 0x0, 0x2f, 0x40, 0x2, 0xf8,
    0x0, 0x1f, 0x80, 0x0, 0xff, 0xff, 0xd3, 0xff,
    0xff, 0x40,

    /* U+0033 "3" */
    0x3f, 0xff, 0xe0, 0xff, 0xff, 0x81, 0x55, 0xfc,
    0x0, 0xf, 0x80, 0x0, 0xf4, 0x0, 0xf, 0xf8,
    0x0, 0x3f, 0xfc, 0x0, 0x42, 0xfc, 0x0, 0x2,
    0xf0, 0x0, 0x7, 0xd0, 0x0, 0x1f, 0x2, 0x0,
    0xbc, 0x3f, 0x5b, 0xe0, 0xbf, 0xff, 0x0, 0x7f,
    0xd0, 0x0,

    /* U+0034 "4" */
    0x0, 0xf, 0x80, 0x0, 0xfe, 0x0, 0x7, 0xf8,
    0x0, 0x3f, 0xe0, 0x2, 0xeb, 0x80, 0xf, 0x2e,
    0x0, 0xf8, 0xb8, 0x7, 0xc2, 0xe0, 0x3d, 0xb,
    0x82, 0xf5, 0x6f, 0x4b, 0xff, 0xff, 0x6f, 0xff,
    0xfd, 0x0, 0xb, 0x80, 0x0, 0x2e, 0x0, 0x0,
    0xb8, 0x0,

    /* U+0035 "5" */
    0x1f, 0xff, 0xe0, 0x7f, 0xff, 0x82, 0xf5, 0x54,
    0xb, 0x80, 0x0, 0x2e, 0x0, 0x0, 0xfa, 0xf8,
    0x3, 0xff, 0xfc, 0xb, 0x81, 0xfc, 0x0, 0x2,
    0xf0, 0x0, 0x3, 0xd0, 0x0, 0x1f, 0x6, 0x0,
    0xbc, 0x3e, 0x5b, 0xe0, 0xbf, 0xff, 0x0, 0x6f,
    0xe0, 0x0,

    /* U+0036 "6" */
    0x0, 0x3e, 0x0, 0x2, 0xf0, 0x0, 0x1f, 0x40,
    0x0, 0xf8, 0x0, 0x7, 0xc0, 0x0, 0x3f, 0xf8,
    0x1, 0xff, 0xfc, 0xf, 0xd1, 0xfc, 0x7d, 0x1,
    0xf1, 0xf0, 0x3, 0xd7, 0xc0, 0xf, 0x5f, 0x40,
    0xbc, 0x3f, 0x9b, 0xf0, 0x7f, 0xff, 0x0, 0x2f,
    0xe0, 0x0,

    /* U+0037 "7" */
    0xbf, 0xff, 0xeb, 0xff, 0xfe, 0x15, 0x5b, 0xd0,
    0x0, 0xbc, 0x0, 0xf, 0x80, 0x1, 0xf4, 0x0,
    0x3f, 0x0, 0x3, 0xe0, 0x0, 0xbc, 0x0, 0xf,
    0xc0, 0x1, 0xf4, 0x0, 0x2f, 0x0, 0x3, 0xe0,
    0x0, 0x7d, 0x0, 0xf, 0xc0, 0x0,

    /* U+0038 "8" */
    0x2, 0xfe, 0x0, 0x7f, 0xff, 0x3, 0xf4, 0xbe,
    0xf, 0x40, 0xfc, 0x3d, 0x2, 0xe0, 0xbc, 0x1f,
    0x40, 0xbf, 0xf4, 0x3, 0xff, 0xe0, 0x3f, 0x7,
    0xe1, 0xf0, 0x7, 0xcb, 0xc0, 0x1f, 0x6f, 0x0,
    0xbc, 0x3f, 0x47, 0xf0, 0xbf, 0xff, 0x40, 0x6f,
    0xe0, 0x0,

    /* U+0039 "9" */
    0x7, 0xfd, 0x2, 0xff, 0xf8, 0x7f, 0x5f, 0xdb,
    0xc0, 0x3f, 0xf8, 0x2, 0xff, 0xc0, 0x2f, 0xbe,
    0x7, 0xf3, 0xff, 0xfd, 0xb, 0xff, 0xc0, 0x2,
    0xf4, 0x0, 0x3f, 0x0, 0xb, 0xd0, 0x0, 0xfc,
    0x0, 0x2f, 0x0, 0x3, 0xe0, 0x0,

    /* U+003A ":" */
    0xbc, 0xbc, 0x7c, 0x0, 0x0, 0x0, 0x0, 0x0,
    0x7c, 0xbc, 0xbc,

    /* U+003B ";" */
    0x1f, 0x7, 0xc1, 0xf0, 0x0, 0x0, 0x0, 0x0,
    0x0, 0x0, 0x2f, 0xb, 0xc3, 0xd0, 0xf0, 0x38,
    0x0,

    /* U+003C "<" */
    0x0, 0x0, 0x10, 0x0, 0x1e, 0x0, 0x1f, 0xe0,
    0x1f, 0xf8, 0x1f, 0xf8, 0x3, 0xf4, 0x0, 0x3f,
    0x40, 0x1, 0xff, 0x40, 0x1, 0xff, 0x40, 0x2,
    0xfe, 0x0, 0x2, 0xe0, 0x0, 0x1,

    /* U+003D "=" */
    0xbf, 0xff, 0xeb, 0xff, 0xfe, 0x0, 0x0, 0x0,
    0x0, 0x0, 0x0, 0x0, 0xb, 0xff, 0xfe, 0xbf,
    0xff, 0xe0,

    /* U+003E ">" */
    0x0, 0x0, 0x3, 0x80, 0x0, 0x3f, 0x80, 0x1,
    0xff, 0x80, 0x1, 0xff, 0x80, 0x0, 0xbe, 0x0,
    0xb, 0xe0, 0xb, 0xf8, 0xb, 0xf8, 0x3, 0xfd,
    0x0, 0x3d, 0x0, 0x1, 0x0, 0x0,

    /* U+003F "?" */
    0xb, 0xfd, 0x3, 0xff, 0xf4, 0x3d, 0x5f, 0xc1,
    0x0, 0x7c, 0x0, 0x7, 0xc0, 0x0, 0xbc, 0x0,
    0x3f, 0x40, 0xb, 0xd0, 0x0, 0xf4, 0x0, 0x1f,
    0x0, 0x0, 0x50, 0x0, 0x0, 0x0, 0x2, 0xf0,
    0x0, 0x2f, 0x0, 0x2, 0xf0, 0x0,

    /* U+0040 "@" */
    0x0, 0x2f, 0xf9, 0x0, 0x2, 0xff, 0xbf, 0xd0,
    0xb, 0xd0, 0x1, 0xf4, 0x1f, 0x0, 0x0, 0x7c,
    0x3d, 0xf, 0xde, 0x2d, 0x3c, 0x3f, 0xfe, 0x1e,
    0x78, 0x78, 0x2e, 0x1e, 0xb4, 0xb4, 0x2e, 0xf,
    0xb4, 0xf4, 0x2e, 0x1e, 0xb4, 0xb4, 0x2e, 0x1e,
    0x78, 0xb8, 0x3e, 0x2d, 0x78, 0x3f, 0xff, 0xbc,
    0x3c, 0x1f, 0xc3, 0xf0, 0x2e, 0x0, 0x0, 0x0,
    0xf, 0xc0, 0x0, 0x40, 0x3, 0xff, 0xaf, 0xd0,
    0x0, 0x6f, 0xfe, 0x40,

    /* U+0041 "A" */
    0x0, 0x3f, 0x40, 0x0, 0x7, 0xf8, 0x0, 0x0,
    0xbf, 0xc0, 0x0, 0xf, 0x7d, 0x0, 0x1, 0xf3,
    0xe0, 0x0, 0x2e, 0x1f, 0x0, 0x3, 0xd0, 0xf4,
    0x0, 0x7c, 0xf, 0x80, 0xb, 0xc0, 0xbc, 0x0,
    0xff, 0xff, 0xc0, 0x1f, 0xff, 0xfe, 0x2, 0xf5,
    0x57, 0xf0, 0x3e, 0x0, 0x1f, 0x7, 0xd0, 0x0,
    0xf8, 0xbc, 0x0, 0xf, 0xc0,

    /* U+0042 "B" */
    0xbf, 0xfe, 0x2, 0xff, 0xff, 0xb, 0xc0, 0xbe,
    0x2f, 0x0, 0xfc, 0xbc, 0x3, 0xf2, 0xf0, 0x1f,
    0x4b, 0xff, 0xf4, 0x2f, 0xff, 0xf0, 0xbc, 0x7,
    0xf2, 0xf0, 0x7, 0xdb, 0xc0, 0xf, 0x6f, 0x0,
    0x7d, 0xbc, 0x7, 0xf2, 0xff, 0xff, 0x8b, 0xff,
    0xf4, 0x0,

    /* U+0043 "C" */
    0x2, 0xfe, 0x40, 0x7f, 0xff, 0x83, 0xfe, 0xbd,
    0x1f, 0x80, 0x10, 0xbc, 0x0, 0x2, 0xf0, 0x0,
    0xb, 0xc0, 0x0, 0x2f, 0x0, 0x0, 0xbc, 0x0,
    0x2, 0xf0, 0x0, 0xb, 0xc0, 0x0, 0x1f, 0x80,
    0x20, 0x3f, 0xeb, 0xe0, 0x3f, 0xff, 0x80, 0x2f,
    0xf4, 0x0,

    /* U+0044 "D" */
    0xbf, 0xfe, 0x2, 0xff, 0xff, 0x4b, 0xea, 0xff,
    0x2f, 0x0, 0xbd, 0xbc, 0x0, 0xfa, 0xf0, 0x3,
    0xfb, 0xc0, 0xf, 0xef, 0x0, 0x3f, 0xbc, 0x0,
    0xfe, 0xf0, 0x3, 0xeb, 0xc0, 0xf, 0xaf, 0x0,
    0xbd, 0xbe, 0xaf, 0xf2, 0xff, 0xff, 0x4b, 0xff,
    0xe0, 0x0,

    /* U+0045 "E" */
    0xbf, 0xff, 0xcb, 0xff, 0xfc, 0xbe, 0xaa, 0x8b,
    0xc0, 0x0, 0xbc, 0x0, 0xb, 0xc0, 0x0, 0xbf,
    0xff, 0x8b, 0xff, 0xf8, 0xbd, 0x55, 0x4b, 0xc0,
    0x0, 0xbc, 0x0, 0xb, 0xc0, 0x0, 0xbe, 0xaa,
    0x8b, 0xff, 0xfd, 0xbf, 0xff, 0xd0,

    /* U+0046 "F" */
    0xbf, 0xff, 0xdb, 0xff, 0xfd, 0xbe, 0xaa, 0x8b,
    0xc0, 0x0, 0xbc, 0x0, 0xb, 0xc0, 0x0, 0xbd,
    0x55, 0x4b, 0xff, 0xfc, 0xbf, 0xff, 0xcb, 0xc0,
    0x0, 0xbc, 0x0, 0xb, 0xc0, 0x0, 0xbc, 0x0,
    0xb, 0xc0, 0x0, 0xbc, 0x0, 0x0,

    /* U+0047 "G" */
    0x2, 0xff, 0x40, 0x3f, 0xff, 0xc3, 0xfe, 0xbf,
    0x1f, 0x80, 0x10, 0xbc, 0x0, 0x2, 0xf0, 0x0,
    0xb, 0xc0, 0x55, 0x6f, 0x7, 0xff, 0xbc, 0x1f,
    0xfe, 0xf0, 0x2, 0xf7, 0xd0, 0xf, 0xdf, 0x80,
    0x3f, 0x3f, 0xeb, 0xf4, 0x7f, 0xff, 0x80, 0x2f,
    0xf4, 0x0,

    /* U+0048 "H" */
    0xbc, 0x0, 0x3e, 0xbc, 0x0, 0x3e, 0xbc, 0x0,
    0x3e, 0xbc, 0x0, 0x3e, 0xbc, 0x0, 0x3e, 0xbc,
    0x0, 0x3e, 0xbf, 0xff, 0xfe, 0xbf, 0xff, 0xfe,
    0xbe, 0xaa, 0xbe, 0xbc, 0x0, 0x3e, 0xbc, 0x0,
    0x3e, 0xbc, 0x0, 0x3e, 0xbc, 0x0, 0x3e, 0xbc,
    0x0, 0x3e, 0xbc, 0x0, 0x3e,

    /* U+0049 "I" */
    0xbe, 0xfb, 0xef, 0xbe, 0xfb, 0xef, 0xbe, 0xfb,
    0xef, 0xbe, 0xfb, 0xc0,

    /* U+004A "J" */
    0x0, 0xf8, 0x3, 0xe0, 0xf, 0x80, 0x3e, 0x0,
    0xf8, 0x3, 0xe0, 0xf, 0x80, 0x3e, 0x0, 0xf8,
    0x3, 0xe0, 0xf, 0x80, 0x3e, 0x6b, 0xf6, 0xff,
    0xcb, 0xf8, 0x0,

    /* U+004B "K" */
    0xbc, 0x1, 0xf4, 0xbc, 0x3, 0xe0, 0xbc, 0xf,
    0xc0, 0xbc, 0x2f, 0x0, 0xbc, 0x7d, 0x0, 0xbc,
    0xf8, 0x0, 0xbf, 0xf0, 0x0, 0xbf, 0xe0, 0x0,
    0xbe, 0xf4, 0x0, 0xbc, 0xfc, 0x0, 0xbc, 0x7e,
    0x0, 0xbc, 0x2f, 0x40, 0xbc, 0xf, 0xc0, 0xbc,
    0x3, 0xf0, 0xbc, 0x1, 0xf8,

    /* U+004C "L" */
    0xbc, 0x0, 0xb, 0xc0, 0x0, 0xbc, 0x0, 0xb,
    0xc0, 0x0, 0xbc, 0x0, 0xb, 0xc0, 0x0, 0xbc,
    0x0, 0xb, 0xc0, 0x0, 0xbc, 0x0, 0xb, 0xc0,
    0x0, 0xbc, 0x0, 0xb, 0xc0, 0x0, 0xbe, 0xaa,
    0x8b, 0xff, 0xfc, 0xbf, 0xff, 0xc0,

    /* U+004D "M" */
    0xbf, 0x0, 0xb, 0xfb, 0xf4, 0x0, 0xff, 0xbf,
    0xc0, 0x2f, 0xfb, 0xfc, 0x3, 0xff, 0xbf, 0xe0,
    0x7f, 0xfb, 0xdf, 0xf, 0x7f, 0xbc, 0xf9, 0xf3,
    0xfb, 0xcb, 0xfe, 0x3f, 0xbc, 0x3f, 0xc3, 0xfb,
    0xc2, 0xfc, 0x3f, 0xbc, 0xf, 0x43, 0xfb, 0xc0,
    0x50, 0x3f, 0xbc, 0x0, 0x3, 0xfb, 0xc0, 0x0,
    0x3f, 0xbc, 0x0, 0x3, 0xf0,

    /* U+004E "N" */
    0xbd, 0x0, 0x3d, 0xbf, 0x0, 0x3d, 0xbf, 0x40,
    0x3d, 0xbf, 0xc0, 0x3d, 0xbf, 0xe0, 0x3d, 0xbd,
    0xf0, 0x3d, 0xbc, 0xfc, 0x3d, 0xbc, 0x7d, 0x3d,
    0xbc, 0x3f, 0x3d, 0xbc, 0xf, 0xbd, 0xbc, 0xb,
    0xfd, 0xbc, 0x3, 0xfd, 0xbc, 0x1, 0xfd, 0xbc,
    0x0, 0xfd, 0xbc, 0x0, 0x7d,

    /* U+004F "O" */
    0x2, 0xff, 0x40, 0x1f, 0xff, 0xe0, 0x3f, 0xeb,
    0xf8, 0x7e, 0x0, 0xfc, 0xbc, 0x0, 0xbc, 0xbc,
    0x0, 0x7c, 0xbc, 0x0, 0x7d, 0xbc, 0x0, 0x7d,
    0xbc, 0x0, 0x7d, 0xbc, 0x0, 0x7c, 0xbd, 0x0,
    0xbc, 0x7e, 0x0, 0xfc, 0x3f, 0xeb, 0xf8, 0xf,
    0xff, 0xf0, 0x2, 0xff, 0x40,

    /* U+0050 "P" */
    0xbf, 0xfe, 0x42, 0xff, 0xff, 0x4b, 0xd5, 0xbf,
    0x2f, 0x0, 0x7d, 0xbc, 0x0, 0xfa, 0xf0, 0x3,
    0xdb, 0xc0, 0x3f, 0x6f, 0xff, 0xfc, 0xbf, 0xff,
    0x82, 0xf5, 0x50, 0xb, 0xc0, 0x0, 0x2f, 0x0,
    0x0, 0xbc, 0x0, 0x2, 0xf0, 0x0, 0xb, 0xc0,
    0x0, 0x0,

    /* U+0051 "Q" */
    0x2, 0xff, 0x40, 0x1f, 0xff, 0xf0, 0x3f, 0xeb,
    0xf8, 0x7e, 0x0, 0xfc, 0xbc, 0x0, 0xbc, 0xbc,
    0x0, 0x7c, 0xbc, 0x0, 0x7d, 0xbc, 0x0, 0x7d,
    0xbc, 0x0, 0x7d, 0xbc, 0x0, 0x7c, 0xbd, 0xe,
    0xbc, 0x7e, 0xf, 0xfc, 0x3f, 0xef, 0xf8, 0xf,
    0xff, 0xf0, 0x2, 0xff, 0xfc, 0x0, 0x0, 0x20,

    /* U+0052 "R" */
    0xbf, 0xfe, 0x2, 0xff, 0xff, 0x4b, 0xd5, 0xbf,
    0x2f, 0x0, 0xbd, 0xbc, 0x1, 0xf6, 0xf0, 0xb,
    0xcb, 0xd5, 0xbf, 0x2f, 0xff, 0xf4, 0xbf, 0xff,
    0x2, 0xf0, 0xbc, 0xb, 0xc0, 0xf8, 0x2f, 0x2,
    0xf0, 0xbc, 0x3, 0xe2, 0xf0, 0xb, 0xcb, 0xc0,
    0xf, 0x80,

    /* U+0053 "S" */
    0x6, 0xff, 0x80, 0x7f, 0xff, 0x43, 0xfa, 0xbc,
    0x1f, 0x40, 0x0, 0xbc, 0x0, 0x1, 0xf8, 0x0,
    0x3, 0xfe, 0x40, 0x3, 0xff, 0xe0, 0x0, 0x6f,
    0xe0, 0x0, 0xf, 0xc0, 0x0, 0x2f, 0x0, 0x0,
    0xfc, 0x3e, 0xaf, 0xf2, 0xff, 0xff, 0x2, 0xff,
    0xe0, 0x0,

    /* U+0054 "T" */
    0x3f, 0xff, 0xfc, 0xff, 0xff, 0xf1, 0x5b, 0xe5,
    0x40, 0x1f, 0x0, 0x0, 0x7c, 0x0, 0x1, 0xf0,
    0x0, 0x7, 0xc0, 0x0, 0x1f, 0x0, 0x0, 0x7c,
    0x0, 0x1, 0xf0, 0x0, 0x7, 0xc0, 0x0, 0x1f,
    0x0, 0x0, 0x7c, 0x0, 0x1, 0xf0, 0x0, 0x7,
    0xc0, 0x0,

    /* U+0055 "U" */
    0x3d, 0x0, 0x3d, 0x3d, 0x0, 0x3d, 0x3d, 0x0,
    0x3d, 0x3d, 0x0, 0x3d, 0x3d, 0x0, 0x3d, 0x3d,
    0x0, 0x3d, 0x3d, 0x0, 0x3d, 0x3d, 0x0, 0x3d,
    0x3d, 0x0, 0x3d, 0x3d, 0x0, 0x3d, 0x3e, 0x0,
    0x3d, 0x3f, 0x0, 0xbd, 0x2f, 0xeb, 0xfc, 0xf,
    0xff, 0xf4, 0x1, 0xff, 0x80,

    /* U+0056 "V" */
    0xbc, 0x0, 0x3f, 0x7d, 0x0, 0x3d, 0x3e, 0x0,
    0x7c, 0x3f, 0x0, 0xbc, 0x2f, 0x0, 0xf8, 0xf,
    0x40, 0xf4, 0xf, 0x82, 0xf0, 0xb, 0xc3, 0xe0,
    0x7, 0xc3, 0xd0, 0x3, 0xd7, 0xc0, 0x3, 0xeb,
    0xc0, 0x1, 0xff, 0x80, 0x0, 0xff, 0x0, 0x0,
    0xff, 0x0, 0x0, 0xbe, 0x0,

    /* U+0057 "W" */
    0xbd, 0x0, 0xfc, 0x1, 0xf5, 0xf8, 0x3, 0xf4,
    0xb, 0xc3, 0xf0, 0x1f, 0xe0, 0x3f, 0xf, 0xc0,
    0xbf, 0xc0, 0xf8, 0x2f, 0x3, 0xff, 0x3, 0xd0,
    0x7d, 0xf, 0x7c, 0x1f, 0x0, 0xf8, 0x7c, 0xf4,
    0xbc, 0x3, 0xf2, 0xf3, 0xe3, 0xe0, 0xb, 0xcf,
    0x8b, 0xcf, 0x40, 0x1f, 0x7d, 0x1f, 0x7c, 0x0,
    0x3f, 0xf0, 0x3f, 0xf0, 0x0, 0xff, 0xc0, 0xff,
    0xc0, 0x2, 0xfe, 0x2, 0xfe, 0x0, 0x7, 0xf4,
    0x7, 0xf4, 0x0, 0x1f, 0xc0, 0xf, 0xc0, 0x0,

    /* U+0058 "X" */
    0x3f, 0x0, 0x3f, 0xb, 0xd0, 0x1f, 0x40, 0xfc,
    0xf, 0xc0, 0x2f, 0x47, 0xc0, 0x3, 0xf3, 0xe0,
    0x0, 0x7f, 0xf0, 0x0, 0xf, 0xf4, 0x0, 0x1,
    0xfc, 0x0, 0x0, 0xff, 0x80, 0x0, 0x7f, 0xf0,
    0x0, 0x3e, 0x3e, 0x0, 0x2f, 0xb, 0xc0, 0xf,
    0x80, 0xfc, 0xf, 0xc0, 0x2f, 0x47, 0xe0, 0x3,
    0xf0,

    /* U+0059 "Y" */
    0xbd, 0x0, 0x7d, 0x3f, 0x0, 0xfc, 0x2f, 0x0,
    0xf4, 0xf, 0x82, 0xf0, 0xb, 0xc3, 0xd0, 0x3,
    0xeb, 0xc0, 0x2, 0xff, 0x40, 0x0, 0xff, 0x0,
    0x0, 0xbd, 0x0, 0x0, 0x7d, 0x0, 0x0, 0x7d,
    0x0, 0x0, 0x7d, 0x0, 0x0, 0x7d, 0x0, 0x0,
    0x7d, 0x0, 0x0, 0x7d, 0x0,

    /* U+005A "Z" */
    0x3f, 0xff, 0xf8, 0xff, 0xff, 0xd1, 0x55, 0x7f,
    0x0, 0x2, 0xf8, 0x0, 0xf, 0xc0, 0x0, 0xfd,
    0x0, 0x7, 0xe0, 0x0, 0x3f, 0x0, 0x2, 0xf4,
    0x0, 0xf, 0xc0, 0x0, 0xfd, 0x0, 0x7, 0xe0,
    0x0, 0x3f, 0x55, 0x51, 0xff, 0xff, 0xd7, 0xff,
    0xff, 0x40,

    /* U+005B "[" */
    0x0, 0x3f, 0xdf, 0xf7, 0xd0, 0xf4, 0x3d, 0xf,
    0x43, 0xd0, 0xf4, 0x3d, 0xf, 0x43, 0xd0, 0xf4,
    0x3d, 0xf, 0x43, 0xd0, 0xf4, 0x3f, 0xdf, 0xf4,

    /* U+005C "\\" */
    0x24, 0x0, 0x3, 0xd0, 0x0, 0x2e, 0x0, 0x0,
    0xf0, 0x0, 0xf, 0x40, 0x0, 0x7c, 0x0, 0x3,
    0xc0, 0x0, 0x2e, 0x0, 0x1, 0xf0, 0x0, 0xf,
    0x40, 0x0, 0xbc, 0x0, 0x3, 0xc0, 0x0, 0x2e,
    0x0, 0x1, 0xf0, 0x0, 0xf, 0x40, 0x0, 0xb8,
    0x0, 0x3, 0xc0, 0x0, 0x3e,

    /* U+005D "]" */
    0x0, 0x3, 0xfc, 0x3f, 0xc0, 0x3c, 0x3, 0xc0,
    0x3c, 0x3, 0xc0, 0x3c, 0x3, 0xc0, 0x3c, 0x3,
    0xc0, 0x3c, 0x3, 0xc0, 0x3c, 0x3, 0xc0, 0x3c,
    0x3, 0xc3, 0xfc, 0x3f, 0xc0,

    /* U+005E "^" */
    0x0, 0x60, 0x0, 0x3, 0xe0, 0x0, 0x1f, 0xc0,
    0x0, 0xff, 0x80, 0x7, 0xcf, 0x0, 0x3d, 0x3e,
    0x1, 0xf0, 0x7c, 0xb, 0x80, 0xf4, 0x3d, 0x2,
    0xf0,

    /* U+005F "_" */
    0xaa, 0xaa, 0xbf, 0xff, 0xf0,

    /* U+0060 "`" */
    0x24, 0xf, 0x40, 0xf0, 0x1e,

    /* U+0061 "a" */
    0xb, 0xf8, 0xb, 0xff, 0xc0, 0x80, 0xf8, 0x0,
    0x2e, 0xb, 0xff, 0xcf, 0xff, 0xf7, 0xc0, 0xbe,
    0xe0, 0x3f, 0x7d, 0x1f, 0xcf, 0xff, 0xf0, 0xfd,
    0x7c,

    /* U+0062 "b" */
    0xf4, 0x0, 0x3d, 0x0, 0xf, 0x40, 0x3, 0xd0,
    0x0, 0xf6, 0xf8, 0x3f, 0xff, 0xcf, 0xe6, 0xfb,
    0xf0, 0x3f, 0xf8, 0xb, 0xfd, 0x2, 0xff, 0x80,
    0xbf, 0xf0, 0x3f, 0xfe, 0x6f, 0xbf, 0xff, 0xcf,
    0x6f, 0x80,

    /* U+0063 "c" */
    0xb, 0xf8, 0x3f, 0xfd, 0x7e, 0x6c, 0xfc, 0x0,
    0xf8, 0x0, 0xf8, 0x0, 0xf8, 0x0, 0xfc, 0x0,
    0x7e, 0x6c, 0x3f, 0xfd, 0xb, 0xf8,

    /* U+0064 "d" */
    0x0, 0x7, 0xc0, 0x1, 0xf0, 0x0, 0x7c, 0x0,
    0x1f, 0xb, 0xeb, 0xcf, 0xff, 0xfb, 0xe6, 0xff,
    0xf0, 0x3f, 0xf8, 0xb, 0xfe, 0x2, 0xff, 0x80,
    0xbf, 0xf0, 0x3f, 0xbe, 0x6f, 0xcf, 0xff, 0xf0,
    0xbe, 0x7c,

    /* U+0065 "e" */
    0xb, 0xf8, 0x3, 0xff, 0xf0, 0x7d, 0x1f, 0x8f,
    0x80, 0x7c, 0xff, 0xff, 0xcf, 0xff, 0xfc, 0xf8,
    0x0, 0xf, 0xc0, 0x0, 0x7e, 0x7, 0x3, 0xff,
    0xf4, 0xb, 0xfd, 0x0,

    /* U+0066 "f" */
    0x0, 0xbc, 0x3, 0xfc, 0x7, 0xd0, 0x7, 0xc0,
    0x3f, 0xfc, 0x3f, 0xfc, 0x7, 0xc0, 0x7, 0xc0,
    0x7, 0xc0, 0x7, 0xc0, 0x7, 0xc0, 0x7, 0xc0,
    0x7, 0xc0, 0x7, 0xc0, 0x7, 0xc0,

    /* U+0067 "g" */
    0xb, 0xe7, 0xcf, 0xff, 0xfb, 0xe6, 0xff, 0xf0,
    0x3f, 0xf8, 0xb, 0xfe, 0x2, 0xff, 0x80, 0xbf,
    0xf0, 0x3f, 0xbe, 0x6f, 0xcf, 0xff, 0xf0, 0xbe,
    0xbc, 0x0, 0x2f, 0x24, 0x6f, 0x9f, 0xff, 0xc2,
    0xff, 0x80,

    /* U+0068 "h" */
    0xf4, 0x0, 0x3d, 0x0, 0xf, 0x40, 0x3, 0xd0,
    0x0, 0xf5, 0xfd, 0x3f, 0xff, 0xcf, 0xd6, 0xfb,
    0xe0, 0x3e, 0xf4, 0xb, 0xbd, 0x2, 0xef, 0x40,
    0xbb, 0xd0, 0x2e, 0xf4, 0xb, 0xbd, 0x2, 0xef,
    0x40, 0xb8,

    /* U+0069 "i" */
    0x3d, 0x3d, 0x28, 0x0, 0x3d, 0x3d, 0x3d, 0x3d,
    0x3d, 0x3d, 0x3d, 0x3d, 0x3d, 0x3d, 0x3d,

    /* U+006A "j" */
    0xf, 0x83, 0xe0, 0x64, 0x0, 0xf, 0x83, 0xe0,
    0xf8, 0x3e, 0xf, 0x83, 0xe0, 0xf8, 0x3e, 0xf,
    0x83, 0xe0, 0xf8, 0x3e, 0x1f, 0xaf, 0xdb, 0xd0,

    /* U+006B "k" */
    0xf4, 0x0, 0xf, 0x40, 0x0, 0xf4, 0x0, 0xf,
    0x40, 0x0, 0xf4, 0x1f, 0x8f, 0x43, 0xe0, 0xf4,
    0xfc, 0xf, 0x6f, 0x0, 0xff, 0xd0, 0xf, 0xfc,
    0x0, 0xfb, 0xe0, 0xf, 0x5f, 0x40, 0xf4, 0xbd,
    0xf, 0x43, 0xf0, 0xf4, 0xf, 0xc0,

    /* U+006C "l" */
    0xf7, 0xdf, 0x7d, 0xf7, 0xdf, 0x7d, 0xf7, 0xdf,
    0x7d, 0xf7, 0xdf, 0x40,

    /* U+006D "m" */
    0xf6, 0xfc, 0x2f, 0xd3, 0xff, 0xfe, 0xff, 0xdf,
    0xd6, 0xfe, 0x5f, 0xfe, 0x3, 0xf0, 0x2f, 0xf4,
    0xb, 0x80, 0x7f, 0xd0, 0x2e, 0x1, 0xff, 0x40,
    0xb8, 0x7, 0xfd, 0x2, 0xe0, 0x1f, 0xf4, 0xb,
    0x80, 0x7f, 0xd0, 0x2e, 0x1, 0xff, 0x40, 0xb8,
    0x7, 0xc0,

    /* U+006E "n" */
    0xf6, 0xf8, 0x3f, 0xff, 0xcf, 0xd6, 0xfb, 0xe0,
    0x3e, 0xf4, 0xb, 0xbd, 0x2, 0xef, 0x40, 0xbb,
    0xd0, 0x2e, 0xf4, 0xb, 0xbd, 0x2, 0xef, 0x40,
    0xb8,

    /* U+006F "o" */
    0xb, 0xf8, 0x3, 0xff, 0xf0, 0xbe, 0x6f, 0x8f,
    0xc0, 0xfc, 0xf8, 0xb, 0xcf, 0x80, 0xbc, 0xf8,
    0xb, 0xcf, 0xc0, 0xfc, 0xbe, 0x6f, 0x83, 0xff,
    0xf0, 0xb, 0xf8, 0x0,

    /* U+0070 "p" */
    0xf6, 0xf8, 0x3f, 0xff, 0xcf, 0xe6, 0xfb, 0xf0,
    0x3f, 0xf8, 0xb, 0xfd, 0x2, 0xff, 0x80, 0xbf,
    0xf0, 0x3f, 0xfe, 0x6f, 0xbf, 0xff, 0xcf, 0xaf,
    0x83, 0xd0, 0x0, 0xf4, 0x0, 0x3d, 0x0, 0xf,
    0x40, 0x0,

    /* U+0071 "q" */
    0xb, 0xe7, 0xcf, 0xff, 0xfb, 0xe6, 0xff, 0xf0,
    0x3f, 0xf8, 0xb, 0xfe, 0x2, 0xff, 0x80, 0xbf,
    0xf0, 0x3f, 0xbe, 0x6f, 0xcf, 0xff, 0xf0, 0xbe,
    0xbc, 0x0, 0x1f, 0x0, 0x7, 0xc0, 0x1, 0xf0,
    0x0, 0x7c,

    /* U+0072 "r" */
    0xf5, 0xff, 0xff, 0xfe, 0xf, 0xc0, 0xf8, 0xf,
    0x40, 0xf4, 0xf, 0x40, 0xf4, 0xf, 0x40, 0xf4,
    0x0,

    /* U+0073 "s" */
    0x1b, 0xf8, 0x7f, 0xfd, 0xfc, 0x18, 0xf8, 0x0,
    0xbe, 0x50, 0x3f, 0xfc, 0x1, 0xbe, 0x0, 0x2f,
    0x35, 0x7f, 0xff, 0xfd, 0x2f, 0xf4,

    /* U+0074 "t" */
    0xb, 0xc0, 0x2f, 0x0, 0xbc, 0xf, 0xff, 0x3f,
    0xfc, 0x2f, 0x0, 0xbc, 0x2, 0xf0, 0xb, 0xc0,
    0x2f, 0x0, 0xbc, 0x1, 0xf4, 0x3, 0xfc, 0x7,
    0xf0,

    /* U+0075 "u" */
    0x7c, 0x3, 0xd7, 0xc0, 0x3d, 0x7c, 0x3, 0xd7,
    0xc0, 0x3d, 0x7c, 0x3, 0xd7, 0xc0, 0x3d, 0x7c,
    0x3, 0xd3, 0xd0, 0x3d, 0x3f, 0x5f, 0xd2, 0xff,
    0xfd, 0xb, 0xe3, 0xd0,

    /* U+0076 "v" */
    0xbc, 0x1, 0xf1, 0xf0, 0xb, 0xc3, 0xe0, 0x3d,
    0xb, 0xc1, 0xf0, 0x1f, 0xb, 0xc0, 0x3d, 0x3d,
    0x0, 0xb8, 0xf0, 0x1, 0xfb, 0x80, 0x3, 0xfd,
    0x0, 0xf, 0xf0, 0x0, 0x1f, 0x80, 0x0,

    /* U+0077 "w" */
    0xbc, 0x7, 0xc0, 0x7c, 0x3d, 0xb, 0xd0, 0xbc,
    0x3e, 0xf, 0xe0, 0xf8, 0x2f, 0xf, 0xf0, 0xf4,
    0x1f, 0x1e, 0xf1, 0xf0, 0xf, 0x6d, 0xb6, 0xe0,
    0xf, 0xbc, 0x7b, 0xd0, 0xb, 0xf8, 0x3f, 0xc0,
    0x7, 0xf4, 0x3f, 0xc0, 0x3, 0xf0, 0x2f, 0x80,
    0x3, 0xf0, 0x1f, 0x40,

    /* U+0078 "x" */
    0x7e, 0x3, 0xf0, 0xbc, 0x1f, 0x0, 0xf8, 0xf8,
    0x1, 0xfb, 0xc0, 0x3, 0xfd, 0x0, 0x7, 0xf0,
    0x0, 0x3f, 0xd0, 0x2, 0xfb, 0xc0, 0xf, 0x4f,
    0x80, 0xfc, 0x2f, 0x7, 0xd0, 0x3f, 0x0,

    /* U+0079 "y" */
    0xbc, 0x2, 0xf7, 0xd0, 0x3d, 0x3e, 0x7, 0xc2,
    0xf0, 0xbc, 0x1f, 0xf, 0x40, 0xf4, 0xf0, 0xb,
    0xae, 0x0, 0x7f, 0xd0, 0x3, 0xfc, 0x0, 0x2f,
    0x80, 0x1, 0xf4, 0x0, 0x1f, 0x0, 0x7, 0xe0,
    0x1, 0xfc, 0x0, 0x1f, 0x40, 0x0,

    /* U+007A "z" */
    0x7f, 0xff, 0x5f, 0xff, 0xd0, 0x7, 0xf0, 0x2,
    0xf0, 0x1, 0xf8, 0x0, 0xfc, 0x0, 0xbc, 0x0,
    0x7d, 0x0, 0x3f, 0x55, 0x2f, 0xff, 0xdb, 0xff,
    0xf4,

    /* U+007B "{" */
    0x1, 0xf0, 0x1f, 0xc0, 0xbc, 0x2, 0xe0, 0xb,
    0x80, 0x2e, 0x0, 0xb8, 0x3, 0xd0, 0xf, 0x40,
    0xf8, 0x3, 0xe0, 0x3, 0xd0, 0xf, 0x80, 0x2e,
    0x0, 0xb8, 0x2, 0xe0, 0xb, 0xc0, 0x1f, 0xc0,
    0x1f, 0x0,

    /* U+007C "|" */
    0x28, 0xf3, 0xcf, 0x3c, 0xf3, 0xcf, 0x3c, 0xf3,
    0xcf, 0x3c, 0xf3, 0xcf, 0x3c, 0xf0,

    /* U+007D "}" */
    0xb8, 0xb, 0xe0, 0x2f, 0x0, 0xf0, 0xf, 0x0,
    0xf0, 0xf, 0x0, 0xf0, 0xf, 0x80, 0x7e, 0x7,
    0xe0, 0xf4, 0xf, 0x0, 0xf0, 0xf, 0x0, 0xf0,
    0x1f, 0xb, 0xf0, 0xb8, 0x0,

    /* U+007E "~" */
    0x0, 0x0, 0x0, 0x3f, 0xf9, 0x18, 0x3f, 0xff,
    0xfc, 0x20, 0x1b, 0xf4,

    /* U+4E00 "一" */
    0x3f, 0xff, 0xff, 0xff, 0xfc, 0xff, 0xff, 0xff,
    0xff, 0xf0, 0x0, 0x0, 0x0, 0x0, 0x0,

    /* U+4E09 "三" */
    0xf, 0xff, 0xff, 0xff, 0xe0, 0x3f, 0xff, 0xff,
    0xff, 0xc0, 0x0, 0x0, 0x0, 0x0, 0x0, 0x0,
    0x0, 0x0, 0x0, 0x0, 0x0, 0x0, 0x0, 0x0,
    0x0, 0x0, 0x0, 0x0, 0x0, 0x0, 0x0, 0x0,
    0x0, 0x1, 0xff, 0xff, 0xff, 0xf0, 0x7, 0xff,
    0xff, 0xff, 0xc0, 0x0, 0x0, 0x0, 0x0, 0x0,
    0x0, 0x0, 0x0, 0x0, 0x0, 0x0, 0x0, 0x0,
    0x0, 0x0, 0x0, 0x0, 0x0, 0x0, 0x0, 0x0,
    0x0, 0x0, 0x3, 0xff, 0xff, 0xff, 0xff, 0xcf,
    0xff, 0xff, 0xff, 0xff,

    /* U+4E0A "上" */
    0x0, 0x2, 0xf0, 0x0, 0x0, 0x0, 0xb, 0xc0,
    0x0, 0x0, 0x0, 0x2f, 0x0, 0x0, 0x0, 0x0,
    0xbc, 0x0, 0x0, 0x0, 0x2, 0xf0, 0x0, 0x0,
    0x0, 0xb, 0xc0, 0x0, 0x0, 0x0, 0x2f, 0xff,
    0xfc, 0x0, 0x0, 0xbf, 0xff, 0xf0, 0x0, 0x2,
    0xf0, 0x0, 0x0, 0x0, 0xb, 0xc0, 0x0, 0x0,
    0x0, 0x2f, 0x0, 0x0, 0x0, 0x0, 0xbc, 0x0,
    0x0, 0x0, 0x2, 0xf0, 0x0, 0x0, 0x0, 0xb,
    0xc0, 0x0, 0x0, 0x0, 0x2f, 0x0, 0x0, 0x0,
    0x0, 0xbc, 0x0, 0x0, 0xff, 0xff, 0xff, 0xff,
    0xf2, 0xff, 0xff, 0xff, 0xff, 0xc0,

    /* U+4E0B "下" */
    0xbf, 0xff, 0xff, 0xff, 0xfb, 0xff, 0xff, 0xff,
    0xff, 0x0, 0x2, 0xf0, 0x0, 0x0, 0x0, 0x2f,
    0x0, 0x0, 0x0, 0x2, 0xf0, 0x0, 0x0, 0x0,
    0x2f, 0x40, 0x0, 0x0, 0x2, 0xff, 0xd0, 0x0,
    0x0, 0x2f, 0xff, 0xe4, 0x0, 0x2, 0xf1, 0xbf,
    0xc0, 0x0, 0x2f, 0x0, 0x6c, 0x0, 0x2, 0xf0,
    0x0, 0x0, 0x0, 0x2f, 0x0, 0x0, 0x0, 0x2,
    0xf0, 0x0, 0x0, 0x0, 0x2f, 0x0, 0x0, 0x0,
    0x2, 0xf0, 0x0, 0x0, 0x0, 0x2f, 0x0, 0x0,
    0x0, 0x2, 0xf0, 0x0, 0x0,

    /* U+4E3B "主" */
    0x0, 0x0, 0xf4, 0x0, 0x0, 0x0, 0xf, 0x40,
    0x0, 0x0, 0x0, 0xf4, 0x0, 0x3, 0xff, 0xff,
    0xff, 0xfc, 0x3f, 0xff, 0xff, 0xff, 0xc0, 0x0,
    0xf, 0x40, 0x0, 0x0, 0x0, 0xf4, 0x0, 0x0,
    0x0, 0xf, 0x40, 0x0, 0x0, 0x0, 0xf4, 0x0,
    0x0, 0xff, 0xff, 0xff, 0xf4, 0xf, 0xff, 0xff,
    0xff, 0x40, 0x0, 0xf, 0x40, 0x0, 0x0, 0x0,
    0xf4, 0x0, 0x0, 0x0, 0xf, 0x40, 0x0, 0x0,
    0x0, 0xf4, 0x0, 0x0, 0x0, 0xf, 0x40, 0x0,
    0xbf, 0xff, 0xff, 0xff, 0xfb, 0xff, 0xff, 0xff,
    0xff,

    /* U+4E50 "乐" */
    0x0, 0x0, 0x0, 0x1, 0x40, 0x7f, 0xff, 0xff,
    0xfc, 0xf, 0xff, 0xff, 0xfe, 0x80, 0xf4, 0x0,
    0x0, 0x0, 0xf, 0x40, 0x28, 0x0, 0x0, 0xf0,
    0x3, 0xc0, 0x0, 0xf, 0x0, 0x3c, 0x0, 0x1,
    0xf4, 0x7, 0xd0, 0x0, 0x1f, 0xff, 0xff, 0xff,
    0xf0, 0xbf, 0xff, 0xff, 0xfe, 0x0, 0x0, 0x3c,
    0x0, 0x0, 0x28, 0x3, 0xc1, 0xa0, 0xb, 0xc0,
    0x3c, 0xf, 0x40, 0xf8, 0x3, 0xc0, 0xf8, 0x1f,
    0x40, 0x3c, 0x7, 0xc2, 0xf0, 0x5b, 0xc0, 0x3d,
    0x3e, 0xf, 0xfc, 0x2, 0xf0, 0x0, 0xbf, 0x40,
    0x0, 0x0, 0x0, 0x0, 0x0, 0x0,

    /* U+4E8C "二" */
    0x5, 0x55, 0x55, 0x55, 0x1, 0xff, 0xff, 0xff,
    0xf8, 0x1f, 0xff, 0xff, 0xff, 0x40, 0x0, 0x0,
    0x0, 0x0, 0x0, 0x0, 0x0, 0x0, 0x0, 0x0,
    0x0, 0x0, 0x0, 0x0, 0x0, 0x0, 0x0, 0x0,
    0x0, 0x0, 0x0, 0x0, 0x0, 0x0, 0x0, 0x0,
    0x0, 0x0, 0x0, 0x0, 0x0, 0x0, 0x0, 0x0,
    0x0, 0x0, 0x0, 0x0, 0x0, 0x0, 0x0, 0x0,
    0x0, 0x0, 0x5, 0x55, 0x55, 0x55, 0x55, 0xff,
    0xff, 0xff, 0xff, 0xfb, 0xff, 0xff, 0xff, 0xff,

    /* U+4E91 "云" */
    0x7, 0xff, 0xff, 0xff, 0xd0, 0x1f, 0xff, 0xff,
    0xff, 0x40, 0x0, 0x0, 0x0, 0x0, 0x0, 0x0,
    0x0, 0x0, 0x0, 0x0, 0x0, 0x0, 0x0, 0x0,
    0x0, 0x0, 0x0, 0x0, 0x3, 0xff, 0xff, 0xff,
    0xff, 0xcf, 0xff, 0xff, 0xff, 0xff, 0x0, 0xf,
    0xc0, 0x0, 0x0, 0x0, 0x3e, 0x0, 0xa4, 0x0,
    0x2, 0xf0, 0x3, 0xf0, 0x0, 0x1f, 0x40, 0x3,
    0xe0, 0x0, 0xf8, 0x0, 0xb, 0xc0, 0xf, 0xc0,
    0x0, 0xf, 0x80, 0xff, 0xff, 0xff, 0xff, 0x3,
    0xff, 0xff, 0xff, 0xfc, 0x0, 0x0, 0x0, 0x0,
    0x0,

    /* U+4E94 "五" */
    0x1f, 0xff, 0xff, 0xff, 0xf4, 0x7f, 0xff, 0xff,
    0xff, 0xd0, 0x0, 0x3d, 0x0, 0x0, 0x0, 0x1,
    0xf0, 0x0, 0x0, 0x0, 0x7, 0xc0, 0x0, 0x0,
    0x0, 0x2f, 0x0, 0x0, 0x0, 0xbf, 0xff, 0xff,
    0xf0, 0x2, 0xff, 0xff, 0xff, 0xd0, 0x0, 0xf,
    0x40, 0xf, 0x40, 0x0, 0x7c, 0x0, 0x3d, 0x0,
    0x1, 0xf0, 0x0, 0xf4, 0x0, 0xb, 0xc0, 0x3,
    0xd0, 0x0, 0x3e, 0x0, 0xf, 0x40, 0x0, 0xf8,
    0x0, 0x3d, 0x0, 0x3, 0xd0, 0x0, 0xf4, 0xf,
    0xff, 0xff, 0xff, 0xff, 0x3f, 0xff, 0xff, 0xff,
    0xfc,

    /* U+4EAE "亮" */
    0x0, 0x0, 0x7c, 0x0, 0x0, 0xbf, 0xff, 0xff,
    0xff, 0xc2, 0xff, 0xff, 0xff, 0xff, 0x0, 0x15,
    0x55, 0x55, 0x0, 0x3, 0xff, 0xff, 0xff, 0x0,
    0xf, 0x95, 0x55, 0x7d, 0x0, 0x3f, 0xaa, 0xaa,
    0xf4, 0x0, 0xff, 0xff, 0xff, 0xc0, 0x0, 0x0,
    0x0, 0x0, 0x0, 0xbf, 0xff, 0xff, 0xff, 0xc3,
    0xff, 0xff, 0xff, 0xff, 0xf, 0x40, 0x0, 0x0,
    0x3d, 0x18, 0x2f, 0xff, 0xd0, 0xa0, 0x0, 0xff,
    0xff, 0x80, 0x0, 0x7, 0xc0, 0x1e, 0xb, 0x40,
    0x7f, 0x0, 0x7c, 0x2d, 0x7f, 0xf4, 0x1, 0xff,
    0xf4, 0xfe, 0x0, 0x2, 0xff, 0xc0, 0x0, 0x0,
    0x0, 0x0, 0x0,

    /* U+4FDD "保" */
    0x0, 0xf4, 0x0, 0x0, 0x0, 0x1, 0xf2, 0xff,
    0xff, 0xe0, 0x3, 0xf3, 0xff, 0xff, 0xf0, 0x7,
    0xd3, 0xd0, 0x1, 0xf0, 0xf, 0xc3, 0xd0, 0x1,
    0xf0, 0x3f, 0x3, 0xff, 0xff, 0xf0, 0x7d, 0x2,
    0xff, 0xff, 0xe0, 0x3f, 0xc0, 0x1, 0x50, 0x0,
    0x1b, 0xc0, 0x3, 0xe0, 0x0, 0x3, 0xcf, 0xff,
    0xff, 0xfc, 0x3, 0xcf, 0xff, 0xff, 0xfc, 0x3,
    0xc0, 0xf, 0xfc, 0x0, 0x3, 0xc0, 0x3f, 0xfe,
    0x0, 0x3, 0xc0, 0xff, 0xff, 0xc0, 0x3, 0xcb,
    0xf3, 0xe7, 0xf4, 0x3, 0xdf, 0xc3, 0xe1, 0xfc,
    0x3, 0xce, 0x3, 0xe0, 0x2c, 0x3, 0xc0, 0x3,
    0xe0, 0x0,

    /* U+505C "停" */
    0x0, 0xf8, 0x1, 0xf0, 0x0, 0x0, 0xf5, 0x56,
    0xf9, 0x54, 0x2, 0xf3, 0xff, 0xff, 0xfc, 0x3,
    0xe1, 0x55, 0x55, 0x54, 0xf, 0xc0, 0xff, 0xff,
    0xf0, 0x2f, 0x2, 0xff, 0xff, 0xf4, 0x3d, 0x2,
    0xfa, 0xaa, 0xf4, 0x3f, 0xc1, 0xff, 0xff, 0xf0,
    0x17, 0xd0, 0x15, 0x55, 0x40, 0x3, 0xd7, 0xff,
    0xff, 0xfc, 0x3, 0xdb, 0xff, 0xff, 0xfe, 0x3,
    0xdf, 0x80, 0x0, 0x3e, 0x3, 0xd1, 0xff, 0xff,
    0xf4, 0x3, 0xd0, 0xff, 0xff, 0xf0, 0x3, 0xd0,
    0x0, 0xb8, 0x0, 0x3, 0xd0, 0x0, 0xb8, 0x0,
    0x3, 0xd0, 0x2f, 0xf8, 0x0, 0x3, 0xd0, 0x1f,
    0xf0, 0x0, 0x0, 0x0, 0x0, 0x0, 0x0,

    /* U+516D "六" */
    0x0, 0x0, 0x3c, 0x0, 0x0, 0x0, 0x0, 0xf0,
    0x0, 0x0, 0x0, 0x3, 0xc0, 0x0, 0x0, 0x0,
    0xf, 0x0, 0x0, 0x3f, 0xff, 0xff, 0xff, 0xfc,
    0xbf, 0xff, 0xff, 0xff, 0xf0, 0x0, 0x0, 0x0,
    0x0, 0x0, 0x0, 0x0, 0x0, 0x0, 0x0, 0x0,
    0x0, 0x0, 0x0, 0x0, 0xa0, 0x1, 0xa0, 0x0,
    0xb, 0xc0, 0x3, 0xe0, 0x0, 0x3e, 0x0, 0xb,
    0xc0, 0x2, 0xf0, 0x0, 0xf, 0x80, 0xf, 0x80,
    0x0, 0x2f, 0x0, 0x7c, 0x0, 0x0, 0x7d, 0x3,
    0xf0, 0x0, 0x0, 0xfc, 0x1f, 0x40, 0x0, 0x1,
    0xf4, 0xfc, 0x0, 0x0, 0x3, 0xf0,

    /* U+5173 "关" */
    0x0, 0xf8, 0x0, 0x3e, 0x0, 0x1, 0xf0, 0x1,
    0xf0, 0x0, 0x3, 0xd0, 0xf, 0xc0, 0x7, 0xff,
    0xff, 0xff, 0xfc, 0x1f, 0xff, 0xff, 0xff, 0xf0,
    0x15, 0x56, 0xf5, 0x55, 0x40, 0x0, 0x7, 0xc0,
    0x0, 0x0, 0x0, 0x1f, 0x0, 0x0, 0x2f, 0xff,
    0xff, 0xff, 0xf4, 0xff, 0xff, 0xff, 0xff, 0xe0,
    0x0, 0xf, 0xe0, 0x0, 0x0, 0x0, 0x7f, 0xc0,
    0x0, 0x0, 0x7, 0xff, 0xc0, 0x0, 0x0, 0xbf,
    0xf, 0xd0, 0x0, 0x2f, 0xf0, 0xf, 0xf4, 0xf,
    0xfe, 0x0, 0xb, 0xfe, 0x3f, 0x80, 0x0, 0x2,
    0xf8, 0x90, 0x0, 0x0, 0x0, 0x50,

    /* U+51FA "出" */
    0x0, 0x1, 0xf0, 0x0, 0xb, 0x80, 0x7c, 0x3,
    0xd3, 0xe0, 0x1f, 0x0, 0xf4, 0xf8, 0x7, 0xc0,
    0x3d, 0x3e, 0x1, 0xf0, 0xf, 0x4f, 0x80, 0x7c,
    0x3, 0xd2, 0xff, 0xff, 0xff, 0xf4, 0x7f, 0xff,
    0xff, 0xfc, 0x0, 0x2, 0xf0, 0x0, 0x0, 0x0,
    0x7c, 0x0, 0x2, 0x80, 0x1f, 0x0, 0x29, 0xf0,
    0x7, 0xc0, 0x1f, 0x7c, 0x1, 0xf0, 0x7, 0xdf,
    0x0, 0x7c, 0x1, 0xf7, 0xc0, 0x1f, 0x0, 0x7d,
    0xf0, 0x7, 0xc0, 0x2f, 0x7f, 0xff, 0xff, 0xff,
    0xcb, 0xff, 0xff, 0xff, 0xd0,

    /* U+5220 "删" */
    0x0, 0x0, 0x0, 0x0, 0xf4, 0x3f, 0xc7, 0xf8,
    0x3, 0xd0, 0xff, 0x6f, 0xf3, 0xcf, 0x43, 0x9d,
    0xb7, 0xcf, 0x3d, 0xe, 0x76, 0xcf, 0x3c, 0xf4,
    0x39, 0xdb, 0x3c, 0xf3, 0xd0, 0xe7, 0x6c, 0xf3,
    0xcf, 0x43, 0x9d, 0xb3, 0xcf, 0x3d, 0x3f, 0xff,
    0xff, 0xbc, 0xf4, 0xff, 0xff, 0xff, 0xf3, 0xd1,
    0xe7, 0x6d, 0xf3, 0xcf, 0x43, 0x9d, 0xb3, 0xcf,
    0x3d, 0x1e, 0x76, 0xcf, 0x3c, 0xf4, 0x79, 0xdf,
    0x3c, 0x63, 0xd1, 0xd7, 0x7c, 0xf0, 0xf, 0x4b,
    0x5d, 0xf3, 0xc0, 0x3d, 0x3f, 0xfb, 0xff, 0x1f,
    0xf0, 0xfb, 0xed, 0xf8, 0x3f, 0x80, 0x0, 0x0,
    0x0, 0x0, 0x0,

    /* U+529F "功" */
    0x0, 0x0, 0x3, 0xd0, 0x0, 0x55, 0x54, 0xf,
    0x40, 0x3, 0xff, 0xf0, 0x3d, 0x0, 0xa, 0xfe,
    0xaf, 0xff, 0xf8, 0x1, 0xf0, 0x7f, 0xff, 0xf4,
    0x7, 0xc0, 0x1f, 0x43, 0xd0, 0x1f, 0x0, 0x3d,
    0xf, 0x40, 0x7c, 0x0, 0xf0, 0x3d, 0x1, 0xf0,
    0x7, 0xc0, 0xf4, 0x7, 0xc0, 0x1f, 0x3, 0xd0,
    0x1f, 0x0, 0xbc, 0xf, 0x40, 0x7c, 0x3, 0xe0,
    0x3d, 0x1, 0xff, 0x8f, 0x40, 0xf4, 0xbf, 0xfd,
    0x7c, 0x3, 0xd3, 0xfe, 0x43, 0xe0, 0xf, 0x49,
    0x0, 0x1f, 0x49, 0xbd, 0x0, 0x0, 0xfc, 0x3f,
    0xf0, 0x0, 0x7, 0xd0, 0x6a, 0x0,

    /* U+52A0 "加" */
    0x3, 0xe0, 0x0, 0x0, 0x0, 0xf, 0x80, 0x0,
    0x0, 0x0, 0x7e, 0x50, 0x2f, 0xff, 0xf, 0xff,
    0xf8, 0xff, 0xfd, 0x2f, 0xff, 0xf3, 0xd0, 0xf4,
    0xf, 0x87, 0xcf, 0x43, 0xd0, 0x3e, 0x1f, 0x3d,
    0xf, 0x40, 0xf8, 0x7c, 0xf4, 0x3d, 0x3, 0xe1,
    0xf3, 0xd0, 0xf4, 0xf, 0x47, 0xcf, 0x43, 0xd0,
    0x3d, 0x1f, 0x3d, 0xf, 0x41, 0xf0, 0x7c, 0xf4,
    0x3d, 0xb, 0xc1, 0xf3, 0xd0, 0xf4, 0x3e, 0x7,
    0xcf, 0x43, 0xd0, 0xf4, 0x1f, 0x3d, 0xf, 0x47,
    0xc0, 0xbc, 0xf8, 0x3d, 0x3e, 0x2b, 0xe3, 0xff,
    0xf5, 0xf0, 0xbf, 0x7, 0xff, 0xc0, 0x0, 0x0,
    0x0, 0x0, 0x0,

    /* U+52A8 "动" */
    0x0, 0x0, 0x2, 0xf0, 0x0, 0x3f, 0xfe, 0xb,
    0xc0, 0x0, 0xff, 0xf8, 0x2f, 0x0, 0x0, 0x0,
    0x7, 0xff, 0xf8, 0x0, 0x0, 0x1f, 0xff, 0xf0,
    0x0, 0x0, 0xb, 0xc7, 0xc3, 0xff, 0xfe, 0x2e,
    0x1f, 0xf, 0xff, 0xf8, 0xb8, 0x3c, 0x3, 0xe0,
    0x2, 0xe0, 0xf0, 0xf, 0x40, 0xf, 0x83, 0xc0,
    0x7c, 0xb4, 0x3d, 0xf, 0x2, 0xf2, 0xe0, 0xf4,
    0x3c, 0xf, 0x47, 0xc7, 0xc0, 0xf0, 0xbc, 0xf,
    0x2f, 0x7, 0xc3, 0xff, 0xfd, 0xf8, 0x1f, 0xf,
    0xff, 0xfb, 0xd5, 0xfc, 0x0, 0x0, 0x2f, 0x3f,
    0xf0, 0x0, 0x0, 0xf4, 0xbe, 0x0,

    /* U+5355 "单" */
    0x1, 0xf0, 0x1, 0xf4, 0x0, 0xf, 0x80, 0x2f,
    0x0, 0x0, 0xbc, 0x3, 0xe0, 0x2, 0xff, 0xff,
    0xff, 0xf8, 0x3f, 0xff, 0xff, 0xff, 0xc3, 0xd0,
    0x1f, 0x0, 0x7c, 0x3f, 0xff, 0xff, 0xff, 0xc3,
    0xff, 0xff, 0xff, 0xfc, 0x3d, 0x1, 0xf0, 0x7,
    0xc3, 0xe0, 0x1f, 0x40, 0xbc, 0x3f, 0xff, 0xff,
    0xff, 0xc1, 0xff, 0xff, 0xff, 0xf4, 0x0, 0x1,
    0xf0, 0x0, 0xf, 0xff, 0xff, 0xff, 0xff, 0xff,
    0xff, 0xff, 0xff, 0xf0, 0x0, 0x1f, 0x0, 0x0,
    0x0, 0x1, 0xf0, 0x0, 0x0, 0x0, 0x1f, 0x0,
    0x0,

    /* U+5361 "卡" */
    0x0, 0x2, 0xf0, 0x0, 0x0, 0x0, 0x2, 0xf0,
    0x0, 0x0, 0x0, 0x2, 0xff, 0xff, 0xc0, 0x0,
    0x2, 0xff, 0xff, 0xc0, 0x0, 0x2, 0xf0, 0x0,
    0x0, 0x0, 0x2, 0xf0, 0x0, 0x0, 0x15, 0x56,
    0xf5, 0x55, 0x54, 0xbf, 0xff, 0xff, 0xff, 0xfc,
    0x7f, 0xff, 0xff, 0xff, 0xfc, 0x0, 0x1, 0xf0,
    0x0, 0x0, 0x0, 0x2, 0xf0, 0x0, 0x0, 0x0,
    0x2, 0xff, 0x90, 0x0, 0x0, 0x2, 0xff, 0xfe,
    0x0, 0x0, 0x2, 0xf1, 0xbf, 0xd0, 0x0, 0x2,
    0xf0, 0x7, 0xd0, 0x0, 0x2, 0xf0, 0x0, 0x50,
    0x0, 0x2, 0xf0, 0x0, 0x0, 0x0, 0x2, 0xf0,
    0x0, 0x0,

    /* U+53D6 "取" */
    0x3f, 0xff, 0xfb, 0xff, 0xf0, 0x3f, 0xff, 0xf7,
    0xff, 0xf4, 0xf, 0x7, 0xc0, 0x0, 0xf4, 0xf,
    0x7, 0xc7, 0xc0, 0xf0, 0xf, 0xff, 0xc3, 0xc1,
    0xf0, 0xf, 0xff, 0xc3, 0xd2, 0xf0, 0xf, 0x7,
    0xc2, 0xe3, 0xe0, 0xf, 0x7, 0xc1, 0xf3, 0xd0,
    0xf, 0xff, 0xc0, 0xff, 0xc0, 0xf, 0xff, 0xc0,
    0xbf, 0x80, 0xf, 0x7, 0xc0, 0x3f, 0x0, 0xf,
    0x7, 0xe4, 0x7f, 0x40, 0xf, 0xff, 0xf9, 0xff,
    0xc0, 0x7f, 0xff, 0xdb, 0xf3, 0xf0, 0x3a, 0x47,
    0xdf, 0xc1, 0xfc, 0x0, 0x7, 0xdf, 0x0, 0x7c,
    0x0, 0x7, 0xc8, 0x0, 0x4,

    /* U+5426 "否" */
    0x2f, 0xff, 0xff, 0xff, 0xf0, 0x7f, 0xff, 0xff,
    0xff, 0xc0, 0x0, 0x2f, 0xc0, 0x0, 0x0, 0x3,
    0xff, 0x24, 0x0, 0x0, 0xbf, 0xfd, 0xfe, 0x0,
    0x7f, 0xf2, 0xf2, 0xff, 0x87, 0xfd, 0xb, 0xc0,
    0x7f, 0x4e, 0x40, 0x2f, 0x0, 0x9, 0x0, 0x0,
    0x68, 0x0, 0x0, 0xf, 0xff, 0xff, 0xfc, 0x0,
    0x7f, 0xff, 0xff, 0xf4, 0x1, 0xf0, 0x0, 0x3,
    0xd0, 0x7, 0xc0, 0x0, 0xf, 0x40, 0x1f, 0x0,
    0x0, 0x3d, 0x0, 0x7c, 0x0, 0x0, 0xf4, 0x0,
    0xff, 0xff, 0xff, 0xd0, 0x3, 0xff, 0xff, 0xff,
    0x0,

    /* U+542F "启" */
    0x0, 0x0, 0xbc, 0x0, 0x0, 0x0, 0xb, 0xc0,
    0x0, 0xf, 0xff, 0xff, 0xff, 0x81, 0xff, 0xff,
    0xff, 0xfc, 0x1f, 0x0, 0x0, 0x7, 0xc1, 0xf0,
    0x0, 0x0, 0x7c, 0x1f, 0xff, 0xff, 0xff, 0xc1,
    0xff, 0xff, 0xff, 0xf8, 0x1f, 0x0, 0x0, 0x0,
    0x2, 0xf0, 0x0, 0x0, 0x0, 0x2f, 0x2f, 0xff,
    0xff, 0x82, 0xf3, 0xff, 0xff, 0xfc, 0x2f, 0x3d,
    0x0, 0x3, 0xc3, 0xe3, 0xd0, 0x0, 0x3c, 0x3d,
    0x3d, 0x0, 0x3, 0xc3, 0xd3, 0xd0, 0x0, 0x7c,
    0x7c, 0x3f, 0xff, 0xff, 0xcf, 0xc2, 0xff, 0xff,
    0xf8,

    /* U+544A "告" */
    0x0, 0x0, 0x3e, 0x0, 0x0, 0x0, 0xf8, 0x3e,
    0x0, 0x0, 0x0, 0xf4, 0x3e, 0x0, 0x0, 0x2,
    0xff, 0xff, 0xff, 0xe0, 0x3, 0xff, 0xff, 0xff,
    0xe0, 0xb, 0xc0, 0x3e, 0x0, 0x0, 0x5, 0x0,
    0x3e, 0x0, 0x0, 0x3f, 0xff, 0xff, 0xff, 0xfc,
    0x3f, 0xff, 0xff, 0xff, 0xfc, 0x0, 0x0, 0x0,
    0x0, 0x0, 0x1, 0xff, 0xff, 0xff, 0x80, 0x3,
    0xff, 0xff, 0xff, 0xc0, 0x3, 0xd0, 0x0, 0x7,
    0xc0, 0x3, 0xd0, 0x0, 0x3, 0xc0, 0x3, 0xd0,
    0x0, 0x3, 0xc0, 0x3, 0xd0, 0x0, 0x3, 0xc0,
    0x3, 0xff, 0xff, 0xff, 0xc0, 0x1, 0xff, 0xff,
    0xff, 0x80,

    /* U+5468 "周" */
    0xb, 0xff, 0xff, 0xff, 0xe0, 0xff, 0xff, 0xff,
    0xff, 0xf, 0x40, 0x3c, 0x1, 0xf0, 0xf5, 0xff,
    0xff, 0x1f, 0xf, 0x4f, 0xff, 0xf1, 0xf0, 0xf4,
    0x3, 0xc0, 0x1f, 0xf, 0x7f, 0xff, 0xfd, 0xf0,
    0xf7, 0xff, 0xff, 0xdf, 0xf, 0x40, 0x0, 0x1,
    0xf0, 0xf4, 0xff, 0xfe, 0x1f, 0xf, 0x4f, 0xff,
    0xf1, 0xf0, 0xf4, 0xf0, 0x1f, 0x1f, 0xf, 0xf,
    0xff, 0xf1, 0xf1, 0xf0, 0xff, 0xfe, 0x1f, 0x2f,
    0x0, 0x1, 0x2, 0xf3, 0xe0, 0x0, 0x3f, 0xfe,
    0x3d, 0x0, 0x2, 0xbf, 0x80,

    /* U+5668 "器" */
    0xb, 0xff, 0x82, 0xff, 0xe0, 0xf, 0xff, 0xc3,
    0xff, 0xf0, 0xf, 0x3, 0xc3, 0xc0, 0xf0, 0xf,
    0xff, 0xc3, 0xff, 0xf0, 0x6, 0xaa, 0x56, 0xae,
    0x90, 0x0, 0x0, 0xbe, 0x1f, 0x0, 0x3f, 0xff,
    0xff, 0xff, 0xf8, 0x2f, 0xff, 0xff, 0xff, 0xf8,
    0x0, 0x6f, 0xef, 0xf8, 0x0, 0x2f, 0xff, 0x42,
    0xff, 0xf8, 0x3f, 0xf4, 0x0, 0x2f, 0xfc, 0x1f,
    0xff, 0xc3, 0xff, 0xf8, 0xf, 0xff, 0xc7, 0xff,
    0xf0, 0xf, 0x3, 0xc7, 0xc0, 0xf0, 0xf, 0x3,
    0xc7, 0xc0, 0xf0, 0xf, 0xff, 0xc7, 0xff, 0xf0,
    0xb, 0xff, 0x82, 0xff, 0xe0,

    /* U+56DB "四" */
    0x3f, 0xff, 0xff, 0xff, 0x87, 0xff, 0xff, 0xff,
    0xfc, 0x7c, 0x3e, 0x1f, 0x47, 0xc7, 0xc3, 0xd0,
    0xf0, 0x7c, 0x7c, 0x3d, 0xf, 0x7, 0xc7, 0xc3,
    0xd0, 0xf0, 0x7c, 0x7c, 0x3d, 0xf, 0x7, 0xc7,
    0xc7, 0xd0, 0xf0, 0x7c, 0x7c, 0xfc, 0xf, 0x9b,
    0xc7, 0xef, 0x40, 0xff, 0xfc, 0x7f, 0xf0, 0xf,
    0xfb, 0xc7, 0xec, 0x0, 0x0, 0x7c, 0x7c, 0x0,
    0x0, 0x7, 0xc7, 0xc0, 0x0, 0x0, 0x7c, 0x7c,
    0x0, 0x0, 0x7, 0xc7, 0xff, 0xff, 0xff, 0xfc,
    0x3f, 0xff, 0xff, 0xff, 0x80,

    /* U+56DE "回" */
    0x3f, 0xff, 0xff, 0xff, 0x87, 0xff, 0xff, 0xff,
    0xfc, 0x7c, 0x0, 0x0, 0x7, 0xc7, 0xc0, 0x0,
    0x0, 0x7c, 0x7c, 0x3f, 0xff, 0x87, 0xc7, 0xc3,
    0xff, 0xfc, 0x7c, 0x7c, 0x3c, 0x7, 0xc7, 0xc7,
    0xc3, 0xc0, 0x7c, 0x7c, 0x7c, 0x3c, 0x7, 0xc7,
    0xc7, 0xc3, 0xc0, 0x7c, 0x7c, 0x7c, 0x3f, 0xff,
    0xc7, 0xc7, 0xc3, 0xff, 0xf8, 0x7c, 0x7c, 0x0,
    0x0, 0x7, 0xc7, 0xc0, 0x0, 0x0, 0x7c, 0x7c,
    0x0, 0x0, 0x7, 0xc7, 0xff, 0xff, 0xff, 0xfc,
    0x3f, 0xff, 0xff, 0xff, 0x80,

    /* U+5728 "在" */
    0x0, 0x3, 0xe0, 0x0, 0x0, 0x0, 0x1f, 0x40,
    0x0, 0x2, 0xff, 0xff, 0xff, 0xff, 0x8b, 0xff,
    0xff, 0xff, 0xff, 0x5, 0x6f, 0x95, 0x55, 0x50,
    0x0, 0xfc, 0x0, 0x0, 0x0, 0xb, 0xd0, 0x1f,
    0x0, 0x0, 0xbf, 0x0, 0x7c, 0x0, 0xb, 0xf0,
    0x2, 0xf0, 0x0, 0xff, 0xcb, 0xff, 0xff, 0xc3,
    0xff, 0x1f, 0xff, 0xff, 0xe, 0x7c, 0x0, 0x7c,
    0x0, 0x1, 0xf0, 0x1, 0xf0, 0x0, 0x7, 0xc0,
    0x7, 0xc0, 0x0, 0x1f, 0x0, 0x1f, 0x0, 0x0,
    0x7c, 0x0, 0xbc, 0x0, 0x1, 0xf7, 0xff, 0xff,
    0xf8, 0x7, 0xdf, 0xff, 0xff, 0xe0,

    /* U+591A "多" */
    0x0, 0xb, 0xc0, 0x0, 0x0, 0x2, 0xfc, 0x0,
    0x0, 0x0, 0xff, 0xff, 0xff, 0x40, 0xbf, 0xff,
    0xff, 0xf8, 0x3f, 0xf9, 0x0, 0x7f, 0x2, 0x9b,
    0xff, 0xbf, 0x80, 0x0, 0x1b, 0xff, 0xc0, 0x2,
    0xbf, 0xff, 0x80, 0x0, 0x3f, 0xff, 0xf0, 0x0,
    0x2, 0x50, 0xbf, 0xff, 0xfc, 0x1, 0xbf, 0xff,
    0xff, 0xe2, 0xff, 0xd0, 0x0, 0xfd, 0x2f, 0xff,
    0xe4, 0x7f, 0x40, 0x41, 0xff, 0xff, 0xd0, 0x0,
    0x1, 0xff, 0xf0, 0x2, 0xaf, 0xff, 0xe4, 0x0,
    0x7f, 0xff, 0x90, 0x0, 0x3, 0xa4, 0x0, 0x0,
    0x0,

    /* U+5931 "失" */
    0x0, 0x0, 0x7c, 0x0, 0x0, 0x3, 0xe1, 0xf0,
    0x0, 0x0, 0xf, 0x47, 0xc0, 0x0, 0x0, 0xff,
    0xff, 0xff, 0xf0, 0xf, 0xff, 0xff, 0xff, 0xc0,
    0xfd, 0x1, 0xf0, 0x0, 0x2, 0xc0, 0x7, 0xc0,
    0x0, 0x0, 0x0, 0x1f, 0x0, 0x0, 0x3f, 0xff,
    0xff, 0xff, 0xf4, 0xff, 0xff, 0xff, 0xff, 0xd0,
    0x0, 0xf, 0xf0, 0x0, 0x0, 0x0, 0xbf, 0xe0,
    0x0, 0x0, 0x7, 0xfb, 0xd0, 0x0, 0x0, 0xbf,
    0xf, 0xe0, 0x0, 0x2f, 0xf0, 0xf, 0xf4, 0xb,
    0xfe, 0x0, 0xb, 0xfd, 0x7f, 0xd0, 0x0, 0x7,
    0xf8, 0xe0, 0x0, 0x0, 0x1, 0x90,

    /* U+59CB "始" */
    0x7, 0xc0, 0x3, 0xf0, 0x0, 0x7, 0xc0, 0x3,
    0xd0, 0x0, 0xb, 0x80, 0xb, 0xcb, 0x80, 0x7f,
    0xfd, 0xf, 0x83, 0xd0, 0x3f, 0xff, 0x2f, 0x2,
    0xf0, 0xf, 0x5f, 0x7d, 0x0, 0xf8, 0xf, 0x1f,
    0xff, 0xff, 0xfc, 0x1f, 0x2e, 0xbf, 0xff, 0xf8,
    0x2f, 0x2e, 0x0, 0x0, 0x0, 0x2e, 0x3d, 0x0,
    0x0, 0x0, 0x3e, 0x3c, 0x3f, 0xff, 0xf0, 0x2f,
    0xfc, 0x7f, 0xff, 0xf4, 0xb, 0xf8, 0x7c, 0x0,
    0xf4, 0x2, 0xfe, 0x7c, 0x0, 0xf4, 0x7, 0xff,
    0x7c, 0x0, 0xf4, 0x1f, 0x8b, 0x7c, 0x0, 0xf4,
    0x3f, 0x0, 0x7f, 0xff, 0xf4, 0x38, 0x0, 0x3f,
    0xff, 0xf0, 0x10, 0x0, 0x0, 0x0, 0x0,

    /* U+5B58 "存" */
    0x0, 0x3, 0xf0, 0x0, 0x0, 0x0, 0xf, 0x40,
    0x0, 0x3, 0xff, 0xff, 0xff, 0xff, 0xcf, 0xff,
    0xff, 0xff, 0xff, 0x0, 0x3f, 0x0, 0x0, 0x0,
    0x2, 0xf4, 0x0, 0x0, 0x0, 0x1f, 0xcf, 0xff,
    0xfe, 0x0, 0xfc, 0x3f, 0xff, 0xf8, 0x1f, 0xc0,
    0x0, 0x2f, 0xc0, 0xff, 0x80, 0x3, 0xf4, 0x3,
    0xef, 0x0, 0xf, 0x40, 0x4, 0xbc, 0xff, 0xff,
    0xff, 0x2, 0xf3, 0xff, 0xff, 0xfc, 0xb, 0xc0,
    0x3, 0xd0, 0x0, 0x2f, 0x0, 0xf, 0x40, 0x0,
    0xbc, 0x0, 0x7d, 0x0, 0x2, 0xf0, 0xbf, 0xf0,
    0x0, 0xb, 0xc1, 0xff, 0x40, 0x0, 0x0, 0x0,
    0x0, 0x0, 0x0,

    /* U+5B8C "完" */
    0x0, 0x0, 0xbc, 0x0, 0x0, 0x0, 0x2, 0xf0,
    0x0, 0x2, 0xff, 0xff, 0xff, 0xff, 0xf, 0xff,
    0xff, 0xff, 0xfd, 0x3d, 0x0, 0x0, 0x0, 0xf4,
    0xbf, 0xff, 0xff, 0xff, 0xc0, 0x3f, 0xff, 0xff,
    0xf4, 0x0, 0x0, 0x0, 0x0, 0x0, 0x0, 0x0,
    0x0, 0x0, 0x0, 0xff, 0xff, 0xff, 0xff, 0xd3,
    0xff, 0xff, 0xff, 0xff, 0x40, 0xb, 0xc0, 0xf4,
    0x0, 0x0, 0x2f, 0x3, 0xd0, 0x0, 0x0, 0xf8,
    0xf, 0x43, 0xd0, 0x1f, 0xc0, 0x3d, 0xf, 0x4b,
    0xfd, 0x0, 0xfd, 0xbd, 0x7f, 0xd0, 0x3, 0xff,
    0xf0, 0xe4, 0x0, 0x1, 0xaa, 0x0,

    /* U+5B9A "定" */
    0x0, 0x0, 0x7c, 0x0, 0x0, 0x3f, 0xff, 0xff,
    0xff, 0x81, 0xff, 0xff, 0xff, 0xff, 0x7, 0xc0,
    0x0, 0x0, 0x3d, 0x1f, 0x0, 0x0, 0x0, 0xf4,
    0x0, 0x0, 0x0, 0x0, 0x0, 0xff, 0xff, 0xff,
    0xff, 0x3, 0xff, 0xff, 0xff, 0xfc, 0x0, 0x0,
    0x3d, 0x0, 0x0, 0xb, 0x80, 0xf4, 0x0, 0x0,
    0x2e, 0x3, 0xff, 0xfd, 0x0, 0xf8, 0xf, 0xff,
    0xf4, 0x3, 0xf0, 0x3d, 0x0, 0x0, 0x1f, 0xc0,
    0xf4, 0x0, 0x0, 0xff, 0x83, 0xd0, 0x0, 0xb,
    0xef, 0xdf, 0x40, 0x0, 0x3e, 0x2f, 0xff, 0xff,
    0xfc, 0xe0, 0x1b, 0xff, 0xff, 0xe0, 0x0, 0x0,
    0x0, 0x0, 0x0,

    /* U+5BF9 "对" */
    0x0, 0x0, 0x0, 0x7, 0xc0, 0x55, 0x54, 0x0,
    0x1f, 0x3, 0xff, 0xf8, 0x0, 0x7c, 0xb, 0xff,
    0xf1, 0x56, 0xf4, 0x0, 0xb, 0xef, 0xff, 0xfc,
    0x78, 0x3e, 0x7f, 0xff, 0xe0, 0xf4, 0xf4, 0x0,
    0x7c, 0x1, 0xf7, 0xcb, 0x81, 0xf0, 0x3, 0xff,
    0x1f, 0x7, 0xc0, 0x7, 0xf4, 0x3c, 0x1f, 0x0,
    0xf, 0xc0, 0xf4, 0x7c, 0x0, 0xbf, 0x2, 0xe1,
    0xf0, 0x3, 0xfe, 0x1, 0x7, 0xc0, 0x3f, 0x7c,
    0x0, 0x1f, 0x3, 0xf4, 0xf8, 0x0, 0x7c, 0x1f,
    0x41, 0xf0, 0xab, 0xf0, 0x34, 0x0, 0x2, 0xff,
    0x80, 0x40, 0x0, 0x1, 0x54, 0x0,

    /* U+5C11 "少" */
    0x0, 0x0, 0x7c, 0x0, 0x0, 0x0, 0x1, 0xf0,
    0x0, 0x0, 0x5, 0x7, 0xc1, 0x40, 0x0, 0x3d,
    0x1f, 0xb, 0xc0, 0x1, 0xf0, 0x7c, 0xf, 0x80,
    0xf, 0x81, 0xf0, 0x1f, 0x40, 0x7c, 0x7, 0xc0,
    0x3f, 0x3, 0xe0, 0x1f, 0x0, 0x7d, 0x1f, 0x40,
    0x7c, 0x0, 0x0, 0x68, 0x1, 0xf0, 0x3e, 0x0,
    0x0, 0x3, 0xc3, 0xf0, 0x0, 0x0, 0x0, 0x3f,
    0x40, 0x0, 0x0, 0x7, 0xf8, 0x0, 0x0, 0x1,
    0xff, 0x40, 0x0, 0x1, 0xbf, 0xf0, 0x0, 0xa,
    0xff, 0xfd, 0x0, 0x0, 0x3f, 0xfe, 0x0, 0x0,
    0x0, 0xf9, 0x0, 0x0, 0x0, 0x0,

    /* U+5DF2 "已" */
    0x3f, 0xff, 0xff, 0xff, 0x3, 0xff, 0xff, 0xff,
    0xf8, 0x0, 0x0, 0x0, 0xf, 0x80, 0x0, 0x0,
    0x0, 0xf8, 0x3e, 0x0, 0x0, 0xf, 0x83, 0xe0,
    0x0, 0x0, 0xf8, 0x3f, 0xff, 0xff, 0xff, 0x83,
    0xff, 0xff, 0xff, 0xf4, 0x3e, 0x55, 0x55, 0x54,
    0x3, 0xe0, 0x0, 0x0, 0x0, 0x3e, 0x0, 0x0,
    0x0, 0x3, 0xe0, 0x0, 0x0, 0x14, 0x3e, 0x0,
    0x0, 0x2, 0xf3, 0xe0, 0x0, 0x0, 0x2f, 0x3f,
    0xfa, 0xaa, 0xbf, 0xf1, 0xff, 0xff, 0xff, 0xfe,
    0x7, 0xff, 0xff, 0xff, 0x80, 0x0, 0x0, 0x0,
    0x0,

    /* U+5E74 "年" */
    0x0, 0x7c, 0x0, 0x0, 0x0, 0x2, 0xf0, 0x0,
    0x0, 0x0, 0xf, 0xff, 0xff, 0xff, 0x0, 0xff,
    0xff, 0xff, 0xfc, 0xb, 0xe0, 0xf, 0x80, 0x0,
    0xbe, 0x0, 0x3e, 0x0, 0x3, 0xe0, 0x0, 0xf8,
    0x0, 0xa, 0x3f, 0xff, 0xff, 0xfc, 0x1, 0xff,
    0xff, 0xff, 0xf0, 0x7, 0xc0, 0x3e, 0x0, 0x0,
    0x1f, 0x0, 0xf8, 0x0, 0x0, 0x7c, 0x3, 0xe0,
    0x0, 0x3f, 0xff, 0xff, 0xff, 0xfc, 0xff, 0xff,
    0xff, 0xff, 0xf0, 0x0, 0x0, 0xf8, 0x0, 0x0,
    0x0, 0x3, 0xe0, 0x0, 0x0, 0x0, 0xf, 0x80,
    0x0, 0x0, 0x0, 0x3e, 0x0, 0x0,

    /* U+5EA6 "度" */
    0x0, 0x0, 0xf, 0x40, 0x0, 0x2f, 0xff, 0xff,
    0xff, 0xe0, 0xff, 0xff, 0xff, 0xff, 0x83, 0xd0,
    0x50, 0x1, 0x40, 0xf, 0x43, 0xd0, 0x1f, 0x40,
    0x3e, 0xff, 0xff, 0xff, 0xc0, 0xf7, 0xff, 0xff,
    0xff, 0x3, 0xc0, 0xf5, 0x57, 0xc0, 0xf, 0x3,
    0xff, 0xff, 0x0, 0x3c, 0x1, 0x55, 0x50, 0x0,
    0xf3, 0xff, 0xff, 0xfc, 0x7, 0xcf, 0xff, 0xff,
    0xf4, 0x1f, 0xa, 0x80, 0xf, 0xc0, 0x7c, 0x1f,
    0xc1, 0xfc, 0x2, 0xf0, 0x1f, 0xff, 0xc0, 0xf,
    0x85, 0xbf, 0xfe, 0x50, 0x3d, 0xbf, 0xfe, 0xff,
    0xf9, 0xf1, 0xe9, 0x0, 0x1b, 0xd0, 0x0, 0x0,
    0x0, 0x0, 0x0,

    /* U+5F00 "开" */
    0x1f, 0xff, 0xff, 0xff, 0xf0, 0x7f, 0xff, 0xff,
    0xff, 0xc0, 0x3, 0xe0, 0x7, 0xc0, 0x0, 0xf,
    0x40, 0x1f, 0x0, 0x0, 0x3d, 0x0, 0x7c, 0x0,
    0x0, 0xf4, 0x1, 0xf0, 0x0, 0x3, 0xd0, 0x7,
    0xc0, 0x1f, 0xff, 0xff, 0xff, 0xff, 0x7f, 0xff,
    0xff, 0xff, 0xfc, 0x1, 0xf0, 0x1, 0xf0, 0x0,
    0xb, 0xc0, 0x7, 0xc0, 0x0, 0x3e, 0x0, 0x1f,
    0x0, 0x2, 0xf0, 0x0, 0x7c, 0x0, 0x1f, 0x80,
    0x1, 0xf0, 0x1, 0xfc, 0x0, 0x7, 0xc0, 0xb,
    0xc0, 0x0, 0x1f, 0x0, 0x1c, 0x0, 0x0, 0x7c,
    0x0, 0x0, 0x0, 0x0, 0x0, 0x0,

    /* U+60C5 "情" */
    0x3, 0xd0, 0x3, 0xc0, 0x0, 0xf, 0x5f, 0xff,
    0xff, 0x80, 0x3d, 0x3f, 0xff, 0xfd, 0x3c, 0xf4,
    0xaa, 0xfa, 0xa0, 0xff, 0xe3, 0xff, 0xff, 0xc3,
    0xff, 0xd1, 0x5f, 0x54, 0xf, 0x3f, 0xff, 0xff,
    0xff, 0x7c, 0xf5, 0xaa, 0xaa, 0xa8, 0xf3, 0xd1,
    0xaa, 0xaa, 0x43, 0xcf, 0x4f, 0xff, 0xff, 0xf,
    0x3d, 0x3d, 0x0, 0x7c, 0x3c, 0xf4, 0xff, 0xff,
    0xf0, 0xb3, 0xd3, 0xea, 0xab, 0xc0, 0xf, 0x4f,
    0xaa, 0xaf, 0x0, 0x3d, 0x3f, 0xff, 0xfc, 0x0,
    0xf4, 0xf0, 0x1, 0xf0, 0x3, 0xd3, 0xc0, 0xff,
    0xc0, 0xf, 0x4f, 0x2, 0xfd, 0x0,

    /* U+6210 "成" */
    0x0, 0x0, 0x7, 0xd0, 0x0, 0x0, 0x0, 0x3,
    0xd0, 0xf0, 0xb, 0xff, 0xff, 0xff, 0xf4, 0xf,
    0xff, 0xff, 0xff, 0xf4, 0xf, 0x40, 0x3, 0xe0,
    0x0, 0xf, 0x0, 0x3, 0xf0, 0x10, 0xf, 0x0,
    0x2, 0xf0, 0xf0, 0xf, 0xff, 0xd2, 0xf1, 0xf0,
    0xf, 0xff, 0xf1, 0xf1, 0xf0, 0xf, 0x41, 0xf0,
    0xf7, 0xd0, 0xf, 0x1, 0xf0, 0xff, 0xc0, 0xf,
    0x0, 0xf0, 0xff, 0x80, 0xf, 0x1, 0xf0, 0xbf,
    0x0, 0x1f, 0x2, 0xf0, 0xbd, 0x0, 0x1f, 0x2f,
    0xe2, 0xfe, 0x0, 0x2f, 0x1f, 0xdf, 0xff, 0x98,
    0x3e, 0x0, 0x2f, 0x5f, 0xfc, 0x3d, 0x0, 0x1c,
    0xb, 0xf8, 0x0, 0x0, 0x0, 0x0, 0x0,

    /* U+626B "扫" */
    0x1, 0xf0, 0x0, 0x0, 0x0, 0x7, 0xc2, 0xff,
    0xff, 0xc0, 0x1f, 0x7, 0xff, 0xff, 0x4b, 0xff,
    0xc0, 0x0, 0x3d, 0x2f, 0xff, 0x0, 0x0, 0xf4,
    0x1b, 0xd4, 0x0, 0x3, 0xd0, 0x1f, 0x0, 0x0,
    0xf, 0x40, 0x7c, 0x0, 0x0, 0x3d, 0x1, 0xfa,
    0x3f, 0xff, 0xf4, 0xbf, 0xfc, 0xff, 0xff, 0xd3,
    0xff, 0x90, 0x0, 0xf, 0x46, 0xbc, 0x0, 0x0,
    0x3d, 0x1, 0xf0, 0x0, 0x0, 0xf4, 0x7, 0xc0,
    0x0, 0x3, 0xd0, 0x1f, 0x0, 0x0, 0xf, 0x40,
    0x7c, 0x0, 0x0, 0x3d, 0x2f, 0xf0, 0xff, 0xff,
    0xf4, 0x7f, 0x2, 0xff, 0xff, 0xc0, 0x0, 0x0,
    0x0, 0x0, 0x0,

    /* U+63A5 "接" */
    0x7, 0xc0, 0x1, 0xf0, 0x0, 0x1f, 0xa, 0xaf,
    0xea, 0x80, 0x7c, 0x2f, 0xff, 0xff, 0x1f, 0xfd,
    0x15, 0x55, 0x54, 0x7f, 0xf8, 0x78, 0x7, 0x80,
    0x6f, 0x50, 0xf0, 0x2e, 0x0, 0x7c, 0x7f, 0xff,
    0xff, 0x41, 0xf0, 0xff, 0xff, 0xfd, 0x1b, 0xf4,
    0xf, 0x0, 0x2, 0xff, 0xea, 0xfe, 0xaa, 0x96,
    0xbc, 0x7f, 0xff, 0xff, 0x81, 0xf0, 0x2f, 0x43,
    0xe0, 0x7, 0xc0, 0xf8, 0x1f, 0x0, 0x1f, 0x3,
    0xf9, 0xf8, 0x0, 0x7c, 0x2, 0xff, 0xc0, 0x1,
    0xf0, 0x1b, 0xff, 0xd0, 0x3f, 0xcf, 0xff, 0xbf,
    0xf0, 0xfd, 0x2f, 0x90, 0xb, 0xc0, 0x0, 0x0,
    0x0, 0x0, 0x0,

    /* U+63CF "描" */
    0x7, 0xc0, 0x3e, 0xf, 0x0, 0x1f, 0x0, 0xf8,
    0x7d, 0x0, 0x7c, 0x7f, 0xff, 0xff, 0xcf, 0xfe,
    0xff, 0xff, 0xfe, 0x3f, 0xf8, 0x3e, 0xf, 0x0,
    0x5f, 0x40, 0x50, 0x14, 0x0, 0x7c, 0x1f, 0xff,
    0xff, 0x1, 0xf0, 0xff, 0xff, 0xfc, 0xb, 0xfb,
    0xd1, 0xf0, 0xf1, 0xff, 0xef, 0x47, 0xc3, 0xc3,
    0xfd, 0x3d, 0x1f, 0xf, 0x1, 0xf0, 0xff, 0xff,
    0xfc, 0x7, 0xc3, 0xff, 0xff, 0xf0, 0x1f, 0xf,
    0x47, 0xc3, 0xc0, 0x7c, 0x3d, 0x1f, 0xf, 0x1,
    0xf0, 0xf4, 0x7c, 0x3c, 0x3f, 0xc3, 0xff, 0xff,
    0xf0, 0xbd, 0x7, 0xff, 0xff, 0x80,

    /* U+63D0 "提" */
    0x7, 0xc0, 0x0, 0x0, 0x0, 0x1f, 0x3, 0xff,
    0xff, 0x0, 0x7c, 0x1f, 0xff, 0xfd, 0x2f, 0xfe,
    0x7f, 0xff, 0xf4, 0x7f, 0xf9, 0xff, 0xff, 0xd0,
    0x1f, 0x7, 0xd5, 0x5f, 0x40, 0x7c, 0xf, 0xff,
    0xfd, 0x1, 0xf0, 0x1a, 0xaa, 0xa0, 0x6f, 0xfb,
    0xff, 0xff, 0xf6, 0xff, 0xdf, 0xff, 0xff, 0xdb,
    0xfc, 0x0, 0x2f, 0x0, 0x1, 0xf0, 0x68, 0x7c,
    0x0, 0x7, 0xc2, 0xf1, 0xff, 0xf0, 0x1f, 0xf,
    0xc7, 0xff, 0xc0, 0x7c, 0x3f, 0x9f, 0x0, 0x2,
    0xf0, 0xff, 0xfc, 0x0, 0x7f, 0xcb, 0xdf, 0xff,
    0xfc, 0xb8, 0x3d, 0xb, 0xff, 0xe0,

    /* U+641C "搜" */
    0x0, 0x0, 0x0, 0x0, 0x0, 0x7, 0xc0, 0x5,
    0xf0, 0x0, 0x7, 0xc2, 0xfd, 0xfb, 0xf0, 0x7,
    0xc3, 0xf5, 0xf7, 0xf4, 0x2f, 0xe7, 0xd1, 0xf0,
    0xf4, 0x3f, 0xf7, 0xfd, 0xfb, 0xf4, 0x7, 0xc3,
    0xf9, 0xf7, 0xf4, 0x7, 0xc3, 0xd1, 0xf0, 0xf4,
    0x7, 0xc3, 0xfb, 0xfa, 0xf4, 0x7, 0xe6, 0xff,
    0xff, 0xf0, 0x7f, 0xf8, 0x1, 0xf0, 0x0, 0x3f,
    0xc2, 0xff, 0xff, 0xe0, 0x7, 0xc2, 0xff, 0xff,
    0xf0, 0x7, 0xc0, 0xa0, 0x3, 0xf0, 0x7, 0xc0,
    0xbd, 0xb, 0xc0, 0x7, 0xc0, 0x2f, 0xbf, 0x0,
    0x7, 0xc1, 0x6f, 0xff, 0x94, 0x3f, 0xcb, 0xff,
    0xbf, 0xfc, 0x3f, 0x6, 0x90, 0x1, 0xa4, 0x0,
    0x0, 0x0, 0x0, 0x0,

    /* U+64AD "播" */
    0x7, 0xc0, 0x0, 0x0, 0x50, 0x7, 0xc3, 0xff,
    0xff, 0xf0, 0x7, 0xc2, 0xff, 0xfe, 0xa0, 0x1b,
    0xd0, 0xf0, 0xf2, 0xd0, 0x3f, 0xf4, 0xa5, 0xf2,
    0x80, 0x2b, 0xe7, 0xff, 0xff, 0xfc, 0x7, 0xc2,
    0xbf, 0xff, 0xa8, 0x7, 0xc1, 0xbf, 0xff, 0xd0,
    0x7, 0xff, 0xe0, 0xf1, 0xfc, 0x7f, 0xf6, 0xeb,
    0xfa, 0xa4, 0x3f, 0xc3, 0xff, 0xff, 0xf0, 0x7,
    0xc3, 0xd1, 0xf0, 0xf0, 0x7, 0xc3, 0xd1, 0xf0,
    0xf0, 0x7, 0xc3, 0xff, 0xff, 0xf0, 0x7, 0xc3,
    0xea, 0xfa, 0xf0, 0x7, 0xc3, 0xc0, 0xf0, 0xf0,
    0x3f, 0xc3, 0xff, 0xff, 0xf0, 0x2f, 0x41, 0xff,
    0xff, 0xe0,

    /* U+653E "放" */
    0x0, 0xf4, 0x2, 0xf0, 0x0, 0x3, 0xd0, 0xf,
    0x80, 0x6, 0xaf, 0xa8, 0x3d, 0x0, 0x1f, 0xff,
    0xf1, 0xff, 0xfe, 0x1f, 0x95, 0x4f, 0xff, 0xf8,
    0x3d, 0x0, 0x7d, 0xf, 0x40, 0xff, 0xe3, 0xf4,
    0x3d, 0x3, 0xff, 0xdf, 0xe0, 0xf0, 0xf, 0x4f,
    0x77, 0xc7, 0xc0, 0x3d, 0x3e, 0xf, 0x6f, 0x0,
    0xf0, 0xf8, 0x2f, 0xf4, 0x3, 0xc2, 0xe0, 0x3f,
    0xc0, 0x1f, 0xb, 0x80, 0xfe, 0x0, 0xbc, 0x3e,
    0x3, 0xf8, 0x3, 0xe0, 0xf8, 0x3f, 0xf8, 0xf,
    0x43, 0xe7, 0xf6, 0xfd, 0x7d, 0xff, 0xbf, 0x42,
    0xfe, 0xe3, 0xf8, 0xf0, 0x1, 0xe0, 0x0, 0x1,
    0x0, 0x0, 0x0,

    /* U+65AD "断" */
    0x0, 0x3c, 0x0, 0x0, 0x4f, 0x63, 0xc9, 0xbf,
    0xfc, 0xfb, 0x7d, 0xdf, 0xff, 0x8f, 0x7b, 0xed,
    0xf0, 0x0, 0xf3, 0xbe, 0xcf, 0x0, 0xf, 0x3,
    0xc0, 0xf0, 0x0, 0xfb, 0xff, 0xdf, 0xaa, 0x9f,
    0x7f, 0xfd, 0xff, 0xfe, 0xf1, 0xfc, 0xf, 0x6f,
    0x5f, 0x3f, 0xfc, 0xf0, 0xf0, 0xf7, 0xff, 0xdf,
    0xf, 0xf, 0xf7, 0xee, 0xf0, 0xf0, 0xfe, 0x3c,
    0xef, 0xf, 0xf, 0x83, 0xc1, 0xe0, 0xf0, 0xf0,
    0x28, 0x2d, 0xf, 0xf, 0x0, 0x3, 0xc0, 0xf0,
    0xff, 0xff, 0xbc, 0xf, 0x7, 0xff, 0xff, 0x40,
    0xf0, 0x0, 0x0, 0x0, 0x0, 0x0,

    /* U+65E5 "日" */
    0x7f, 0xff, 0xff, 0xf8, 0xff, 0xff, 0xff, 0xfc,
    0xf8, 0x0, 0x0, 0xbc, 0xf8, 0x0, 0x0, 0x7c,
    0xf8, 0x0, 0x0, 0x7c, 0xf8, 0x0, 0x0, 0x7c,
    0xf8, 0x0, 0x0, 0x7c, 0xff, 0xff, 0xff, 0xfc,
    0xff, 0xff, 0xff, 0xfc, 0xf8, 0x0, 0x0, 0x7c,
    0xf8, 0x0, 0x0, 0x7c, 0xf8, 0x0, 0x0, 0x7c,
    0xf8, 0x0, 0x0, 0x7c, 0xf8, 0x0, 0x0, 0x7c,
    0xf8, 0x0, 0x0, 0xbc, 0xff, 0xff, 0xff, 0xfc,
    0x7f, 0xff, 0xff, 0xf8,

    /* U+65F6 "时" */
    0x0, 0x0, 0x0, 0xf, 0x40, 0xbf, 0xf8, 0x0,
    0x3d, 0x3, 0xff, 0xf0, 0x0, 0xf4, 0xf, 0x7,
    0xdf, 0xff, 0xfe, 0x3c, 0x1f, 0x7f, 0xff, 0xf8,
    0xf0, 0x7c, 0x0, 0x3e, 0x3, 0xc1, 0xf0, 0x0,
    0xf4, 0xf, 0x9b, 0xcf, 0x43, 0xd0, 0x3f, 0xff,
    0x2e, 0xf, 0x40, 0xf9, 0xbc, 0x78, 0x3d, 0x3,
    0xc1, 0xf1, 0xf0, 0xf4, 0xf, 0x7, 0xc3, 0xc3,
    0xd0, 0x3c, 0x1f, 0x5, 0xf, 0x40, 0xf0, 0x7c,
    0x0, 0x3d, 0x3, 0xff, 0xf0, 0x0, 0xf4, 0xf,
    0xff, 0x81, 0x7, 0xd0, 0x0, 0x0, 0xb, 0xff,
    0x0, 0x0, 0x0, 0x1f, 0xf4, 0x0, 0x0, 0x0,
    0x0, 0x0, 0x0,

    /* U+662F "是" */
    0x3, 0xff, 0xff, 0xff, 0x80, 0x7, 0xff, 0xff,
    0xff, 0xc0, 0x7, 0xff, 0xff, 0xff, 0xd0, 0x7,
    0xff, 0xff, 0xff, 0xd0, 0x7, 0xd5, 0x55, 0x5b,
    0xc0, 0x7, 0xff, 0xff, 0xff, 0xc0, 0x0, 0x55,
    0x55, 0x55, 0x0, 0x3f, 0xff, 0xff, 0xff, 0xf8,
    0x3f, 0xff, 0xff, 0xff, 0xfc, 0x0, 0x0, 0x7d,
    0x0, 0x0, 0x1, 0xf0, 0x3c, 0x0, 0x0, 0x2,
    0xf0, 0x3f, 0xff, 0xd0, 0x3, 0xf0, 0x3f, 0xff,
    0xd0, 0x7, 0xf4, 0x3c, 0x0, 0x0, 0x1f, 0xfe,
    0x7c, 0x0, 0x0, 0x3f, 0x2f, 0xff, 0xff, 0xfc,
    0x3c, 0x2, 0xff, 0xff, 0xf8, 0x10, 0x0, 0x0,
    0x0, 0x0,

    /* U+6674 "晴" */
    0x0, 0x0, 0x3, 0xd0, 0x0, 0xff, 0xcb, 0xff,
    0xff, 0xc3, 0xff, 0x1f, 0xff, 0xfe, 0xf, 0x3c,
    0x2a, 0xfe, 0xa0, 0x3c, 0xf0, 0xff, 0xff, 0xc0,
    0xf3, 0xd0, 0xf, 0x80, 0x3, 0xcf, 0xbf, 0xff,
    0xff, 0xf, 0x3e, 0xff, 0xff, 0xfc, 0x3f, 0xf0,
    0x55, 0x55, 0x40, 0xff, 0xc7, 0xff, 0xff, 0x43,
    0xcf, 0x1f, 0x55, 0x7d, 0xf, 0x3c, 0x7f, 0xff,
    0xf4, 0x3c, 0xf1, 0xfa, 0xab, 0xd0, 0xf3, 0xc7,
    0xea, 0xaf, 0x43, 0xcf, 0x1f, 0xff, 0xfd, 0xf,
    0xfc, 0x7c, 0x11, 0xf4, 0x2f, 0xe1, 0xf0, 0xbf,
    0xd0, 0x0, 0x7, 0xc1, 0xfe, 0x0,

    /* U+6682 "暂" */
    0x3, 0xd0, 0x0, 0x0, 0x57, 0xff, 0xf8, 0xff,
    0xfd, 0x7f, 0xff, 0xcf, 0xfe, 0x82, 0xf6, 0x0,
    0xf0, 0x0, 0x7e, 0xfe, 0x4f, 0xff, 0xf7, 0xff,
    0xf9, 0xff, 0xff, 0x0, 0xb9, 0x5f, 0xf, 0xb,
    0xff, 0xfe, 0xe0, 0xf0, 0xba, 0xf9, 0x7d, 0xf,
    0x0, 0x6, 0x2, 0x80, 0xa0, 0xf, 0xff, 0xff,
    0xff, 0x41, 0xff, 0xff, 0xff, 0xf8, 0x1f, 0x0,
    0x0, 0xb, 0x81, 0xff, 0xff, 0xff, 0xf8, 0x1f,
    0xaa, 0xaa, 0xaf, 0x81, 0xf0, 0x0, 0x0, 0xb8,
    0x1f, 0xff, 0xff, 0xff, 0x80, 0xff, 0xff, 0xff,
    0xf4,

    /* U+6696 "暖" */
    0x0, 0x0, 0x0, 0x1, 0x50, 0xff, 0xdf, 0xff,
    0xff, 0xc3, 0xff, 0x7f, 0xff, 0xa4, 0xf, 0x3c,
    0x7c, 0xb4, 0xf4, 0x3c, 0xf0, 0xf2, 0xe7, 0xc0,
    0xf3, 0xdf, 0xff, 0xff, 0xc3, 0xcf, 0x2b, 0xfa,
    0xaa, 0xf, 0x3d, 0x5b, 0xd5, 0x54, 0x3f, 0xfb,
    0xff, 0xff, 0xf4, 0xfb, 0xd5, 0xf9, 0x55, 0x43,
    0xcf, 0x3, 0xff, 0xfc, 0xf, 0x3c, 0x2f, 0xff,
    0xf4, 0x3c, 0xf1, 0xfd, 0x7, 0xc0, 0xf3, 0xef,
    0xbd, 0x3e, 0x3, 0xff, 0xfc, 0x3f, 0xf0, 0xf,
    0xfd, 0xd6, 0xff, 0xe4, 0x0, 0x0, 0xff, 0xef,
    0xf0, 0x0, 0x2, 0xa4, 0x1, 0x80,

    /* U+6708 "月" */
    0x3, 0xff, 0xff, 0xff, 0x80, 0x7f, 0xff, 0xff,
    0xfc, 0x7, 0xc0, 0x0, 0x7, 0xc0, 0x7c, 0x0,
    0x0, 0x7c, 0x7, 0xff, 0xff, 0xff, 0xc0, 0x7f,
    0xff, 0xff, 0xfc, 0x7, 0xc0, 0x0, 0x7, 0xc0,
    0x7c, 0x0, 0x0, 0x7c, 0xb, 0xc0, 0x0, 0x7,
    0xc0, 0xbf, 0xff, 0xff, 0xfc, 0xb, 0xff, 0xff,
    0xff, 0xc0, 0xf8, 0x0, 0x0, 0x7c, 0xf, 0x40,
    0x0, 0x7, 0xc0, 0xf0, 0x0, 0x0, 0x7c, 0x1f,
    0x0, 0x5, 0x5b, 0xc3, 0xe0, 0x0, 0x7f, 0xfc,
    0x7d, 0x0, 0x2, 0xbe, 0x0,

    /* U+6717 "朗" */
    0x2, 0xe0, 0x0, 0x0, 0x0, 0x2e, 0x1, 0xff,
    0xfc, 0x3f, 0xff, 0x3f, 0xff, 0xd7, 0xff, 0xf7,
    0xe0, 0x3d, 0x7c, 0xf, 0x7e, 0x3, 0xd7, 0xff,
    0xf7, 0xff, 0xfd, 0x7f, 0xff, 0x7f, 0xff, 0xd7,
    0xc0, 0xf7, 0xe0, 0x3d, 0x7d, 0x5f, 0x7d, 0x3,
    0xd7, 0xff, 0xf3, 0xd0, 0x3d, 0x7e, 0xaa, 0x3f,
    0xff, 0xd7, 0xc1, 0x43, 0xff, 0xfd, 0x7c, 0x3d,
    0x3d, 0x3, 0xd7, 0xc2, 0xe3, 0xc0, 0x3d, 0x7c,
    0x6f, 0x7c, 0x3, 0xdf, 0xff, 0xfb, 0xc0, 0x7d,
    0xff, 0xe4, 0xf8, 0xbf, 0xc4, 0x0, 0xf, 0x7,
    0xf4,

    /* U+671F "期" */
    0xf, 0x43, 0xc0, 0x0, 0x0, 0x3d, 0xf, 0x4b,
    0xff, 0x83, 0xff, 0xff, 0x3f, 0xff, 0xf, 0xff,
    0xfc, 0xf4, 0x3c, 0xf, 0x43, 0xc3, 0xd0, 0xf0,
    0x3f, 0xff, 0xf, 0xff, 0xc0, 0xff, 0xfc, 0x3f,
    0xff, 0x3, 0xd0, 0xf0, 0xf4, 0x3c, 0xf, 0x83,
    0xc3, 0xd0, 0xf0, 0x3f, 0xff, 0xf, 0x43, 0xc0,
    0xfe, 0xbc, 0x3f, 0xff, 0x3, 0xd0, 0xf4, 0xff,
    0xfc, 0x3f, 0xff, 0xf7, 0xd0, 0xf0, 0xff, 0xff,
    0xdf, 0x3, 0xc0, 0x14, 0x0, 0x7c, 0xf, 0x2,
    0xe2, 0xe1, 0xf0, 0x3c, 0xf, 0x7, 0xcb, 0xab,
    0xf0, 0xbc, 0xf, 0xbd, 0x7f, 0x40, 0x0, 0x0,
    0x0, 0x0, 0x0,

    /* U+672A "未" */
    0x0, 0x0, 0x7c, 0x0, 0x0, 0x0, 0x0, 0x7c,
    0x0, 0x0, 0x0, 0x0, 0x7c, 0x0, 0x0, 0xb,
    0xff, 0xff, 0xff, 0xd0, 0xb, 0xff, 0xff, 0xff,
    0xd0, 0x0, 0x0, 0x7c, 0x0, 0x0, 0x0, 0x0,
    0x7c, 0x0, 0x0, 0x0, 0x0, 0x7d, 0x0, 0x0,
    0x3f, 0xff, 0xff, 0xff, 0xf8, 0x2f, 0xff, 0xff,
    0xff, 0xf4, 0x0, 0x3, 0xff, 0x80, 0x0, 0x0,
    0xf, 0xff, 0xf0, 0x0, 0x0, 0x7f, 0xbd, 0xfd,
    0x0, 0x2, 0xfc, 0x7c, 0x3f, 0xd0, 0x2f, 0xe0,
    0x7c, 0xb, 0xfc, 0x3f, 0x40, 0x7c, 0x0, 0xfc,
    0x24, 0x0, 0x7c, 0x0, 0x14, 0x0, 0x0, 0x7c,
    0x0, 0x0,

    /* U+67E5 "查" */
    0x0, 0x0, 0x7c, 0x0, 0x0, 0x5, 0x55, 0xbd,
    0x55, 0x50, 0x2f, 0xff, 0xff, 0xff, 0xf8, 0x1a,
    0xaf, 0xff, 0xfa, 0xa4, 0x0, 0x2f, 0xbf, 0xf8,
    0x0, 0x2, 0xfd, 0x7c, 0xbf, 0x80, 0x3f, 0xf0,
    0x3c, 0x1f, 0xfc, 0x3f, 0xea, 0xaa, 0xab, 0xfc,
    0x13, 0xff, 0xff, 0xff, 0xc4, 0x3, 0xe5, 0x55,
    0x5b, 0xc0, 0x3, 0xff, 0xff, 0xff, 0xc0, 0x3,
    0xff, 0xff, 0xff, 0xc0, 0x3, 0xd0, 0x0, 0xb,
    0xc0, 0x3, 0xff, 0xff, 0xff, 0xc0, 0x1, 0xff,
    0xff, 0xff, 0x40, 0x0, 0x0, 0x0, 0x0, 0x0,
    0x3f, 0xff, 0xff, 0xff, 0xfc, 0x3f, 0xff, 0xff,
    0xff, 0xfc,

    /* U+6B62 "止" */
    0x0, 0x0, 0x3d, 0x0, 0x0, 0x0, 0x0, 0xf4,
    0x0, 0x0, 0x0, 0x3, 0xd0, 0x0, 0x0, 0x50,
    0xf, 0x40, 0x0, 0x7, 0xc0, 0x3d, 0x0, 0x0,
    0x1f, 0x0, 0xf4, 0x0, 0x0, 0x7c, 0x3, 0xff,
    0xfc, 0x1, 0xf0, 0xf, 0xff, 0xf0, 0x7, 0xc0,
    0x3d, 0x0, 0x0, 0x1f, 0x0, 0xf4, 0x0, 0x0,
    0x7c, 0x3, 0xd0, 0x0, 0x1, 0xf0, 0xf, 0x40,
    0x0, 0x7, 0xc0, 0x3d, 0x0, 0x0, 0x1f, 0x0,
    0xf4, 0x0, 0x0, 0x7c, 0x3, 0xd0, 0x0, 0x1,
    0xf0, 0xf, 0x40, 0x0, 0xbf, 0xff, 0xff, 0xff,
    0xf2, 0xff, 0xff, 0xff, 0xff, 0xc0,

    /* U+6B63 "正" */
    0x7f, 0xff, 0xff, 0xff, 0xc0, 0xff, 0xff, 0xff,
    0xff, 0x0, 0x0, 0x7, 0xd0, 0x0, 0x0, 0x0,
    0x1f, 0x0, 0x0, 0x1, 0x0, 0x7c, 0x0, 0x0,
    0x1f, 0x1, 0xf0, 0x0, 0x0, 0x7c, 0x7, 0xd0,
    0x0, 0x1, 0xf0, 0x1f, 0xff, 0xe0, 0x7, 0xc0,
    0x7f, 0xff, 0x80, 0x1f, 0x1, 0xf0, 0x0, 0x0,
    0x7c, 0x7, 0xc0, 0x0, 0x1, 0xf0, 0x1f, 0x0,
    0x0, 0x7, 0xc0, 0x7c, 0x0, 0x0, 0x1f, 0x1,
    0xf0, 0x0, 0x0, 0x7c, 0x7, 0xd0, 0x0, 0x3f,
    0xff, 0xff, 0xff, 0xfc, 0xff, 0xff, 0xff, 0xff,
    0xf0,

    /* U+6BD4 "比" */
    0x3e, 0x0, 0x3e, 0x0, 0x3, 0xe0, 0x3, 0xe0,
    0x0, 0x3e, 0x0, 0x3e, 0x0, 0x3, 0xe0, 0x3,
    0xe0, 0x4, 0x3e, 0x0, 0x3e, 0x7, 0xd3, 0xff,
    0xf3, 0xff, 0xfd, 0x3f, 0xff, 0x3f, 0xfe, 0x3,
    0xe0, 0x3, 0xf9, 0x0, 0x3e, 0x0, 0x3e, 0x0,
    0x3, 0xe0, 0x3, 0xe0, 0x0, 0x3e, 0x0, 0x3e,
    0x0, 0x3, 0xe0, 0x3, 0xe0, 0x5, 0x3e, 0x0,
    0x3e, 0x1, 0xf3, 0xd0, 0xb3, 0xe0, 0x1f, 0x3f,
    0xff, 0x3e, 0x2, 0xfb, 0xff, 0xe3, 0xff, 0xff,
    0xbf, 0x40, 0xf, 0xff, 0xc1, 0x0, 0x0, 0x0,
    0x0,

    /* U+6C5F "江" */
    0x10, 0x0, 0x0, 0x0, 0x0, 0xbd, 0x5, 0x55,
    0x55, 0x42, 0xfe, 0x3f, 0xff, 0xff, 0x0, 0x68,
    0xff, 0xff, 0xfc, 0x0, 0x0, 0x3, 0xd0, 0x1,
    0x40, 0x0, 0xf, 0x40, 0x7, 0xf4, 0x0, 0x3d,
    0x0, 0x1f, 0xf0, 0x0, 0xf4, 0x0, 0x1, 0xc0,
    0x3, 0xd0, 0x0, 0x0, 0x0, 0xf, 0x40, 0x0,
    0x14, 0x0, 0x3d, 0x0, 0x1, 0xf0, 0x0, 0xf4,
    0x0, 0xb, 0xc0, 0x3, 0xd0, 0x0, 0x3e, 0x0,
    0xf, 0x40, 0x0, 0xf4, 0x0, 0x3d, 0x0, 0xb,
    0xc0, 0x0, 0xf4, 0x0, 0x3e, 0x1f, 0xff, 0xff,
    0xf9, 0xf4, 0x7f, 0xff, 0xff, 0xe0,

    /* U+6D88 "消" */
    0x0, 0x0, 0x2, 0xf0, 0x0, 0x7d, 0xf, 0x8b,
    0xc7, 0xc0, 0xff, 0x2f, 0x2f, 0x2e, 0x0, 0x6c,
    0x7c, 0xbc, 0xf4, 0x0, 0x0, 0x52, 0xf1, 0x40,
    0x40, 0xb, 0xff, 0xff, 0xc3, 0xf4, 0x3f, 0xff,
    0xff, 0xb, 0xf0, 0xf4, 0x0, 0x7c, 0x0, 0x43,
    0xff, 0xff, 0xf0, 0x0, 0xf, 0xff, 0xff, 0xc0,
    0x4, 0x3d, 0x0, 0x1f, 0x0, 0xf4, 0xf4, 0x0,
    0x7c, 0x3, 0xd3, 0xff, 0xff, 0xf0, 0x1f, 0xf,
    0xff, 0xff, 0xc0, 0xbc, 0x3d, 0x0, 0x1f, 0x3,
    0xd0, 0xf4, 0x0, 0xbc, 0x1f, 0x3, 0xd0, 0xff,
    0xf0, 0xf8, 0xf, 0x41, 0xfe, 0x0,

    /* U+6DFB "添" */
    0x0, 0x0, 0x0, 0x0, 0x0, 0x1e, 0x43, 0xff,
    0xff, 0xf0, 0x1f, 0xd3, 0xff, 0xff, 0xf0, 0x1,
    0x90, 0x7, 0xc0, 0x0, 0x0, 0x1f, 0xff, 0xff,
    0xfc, 0x38, 0xf, 0xff, 0xff, 0xfc, 0x3f, 0xc0,
    0x3f, 0x7d, 0x0, 0x1b, 0xc0, 0xfc, 0x2f, 0x40,
    0x0, 0x4b, 0xf4, 0xf, 0xe0, 0x0, 0x3f, 0xd7,
    0xc2, 0xfc, 0x0, 0x3e, 0x7, 0xc0, 0x7c, 0x7,
    0xd1, 0x87, 0xd8, 0x14, 0xb, 0x87, 0xc7, 0xde,
    0x74, 0xf, 0x8b, 0x47, 0xcf, 0x78, 0xf, 0x4f,
    0x7, 0xcf, 0x3c, 0x2f, 0xa, 0x7, 0xcf, 0x3c,
    0x3e, 0x0, 0xff, 0xc0, 0x0, 0x7c, 0x0, 0xbf,
    0x40, 0x0, 0x0, 0x0, 0x0, 0x0, 0x0,

    /* U+6E29 "温" */
    0x0, 0x0, 0x0, 0x0, 0x0, 0xb4, 0x1f, 0xff,
    0xff, 0x2, 0xfd, 0xff, 0xff, 0xfd, 0x1, 0xb7,
    0xd0, 0x0, 0xf4, 0x0, 0xf, 0xff, 0xff, 0xd0,
    0x40, 0x3f, 0xaa, 0xaf, 0x43, 0xf4, 0xf9, 0x55,
    0x7d, 0xb, 0xf3, 0xff, 0xff, 0xf0, 0x0, 0x41,
    0x55, 0x55, 0x0, 0x0, 0x2f, 0xff, 0xff, 0x80,
    0x1, 0xff, 0xff, 0xff, 0x0, 0xa7, 0xcf, 0x4f,
    0x3c, 0xb, 0xdf, 0x3d, 0x3c, 0xf0, 0x3e, 0x7c,
    0xf4, 0xf3, 0xc0, 0xf5, 0xf3, 0xd3, 0xcf, 0x7,
    0xc7, 0xcf, 0x4f, 0x3c, 0x3e, 0xbf, 0xff, 0xff,
    0xfc, 0xf5, 0xff, 0xff, 0xff, 0xf0,

    /* U+6E5B "湛" */
    0x0, 0x0, 0x0, 0x0, 0x0, 0x14, 0x1, 0xf0,
    0x7, 0xc0, 0x1f, 0xdb, 0xff, 0xff, 0xf8, 0xb,
    0xeb, 0xff, 0xff, 0xfc, 0x0, 0x51, 0xf0, 0x7,
    0xc0, 0x0, 0x1, 0xff, 0xff, 0xc0, 0x34, 0x1,
    0xff, 0xff, 0xc0, 0x3f, 0x81, 0xf0, 0x7, 0xc0,
    0x1f, 0xc1, 0xff, 0xff, 0xc0, 0x0, 0x41, 0xff,
    0xff, 0xc0, 0x0, 0x1, 0xf0, 0x7, 0xc0, 0x1,
    0x5f, 0xff, 0xff, 0xfc, 0x7, 0xdf, 0xff, 0xff,
    0xfc, 0xb, 0xc7, 0xc2, 0x86, 0x0, 0xf, 0x87,
    0xcb, 0x8b, 0x80, 0xf, 0x47, 0xcf, 0x3, 0xc0,
    0x2f, 0x7, 0xd9, 0x1, 0x90, 0x3e, 0x7, 0xff,
    0xff, 0xf4, 0x3d, 0x2, 0xff, 0xff, 0xf0,

    /* U+708E "炎" */
    0x0, 0x0, 0xf4, 0x0, 0x0, 0xf4, 0xf, 0x1,
    0xf0, 0xb, 0x81, 0xf0, 0x2f, 0x0, 0x7c, 0x2f,
    0x3, 0xd0, 0x2, 0x87, 0xf9, 0x28, 0x0, 0x1,
    0xff, 0xfe, 0x40, 0x6, 0xff, 0x5b, 0xff, 0x8b,
    0xff, 0x80, 0x7, 0xff, 0xbf, 0x40, 0xf4, 0x2,
    0xf1, 0x40, 0xf, 0x40, 0x50, 0xf, 0x41, 0xf0,
    0x1f, 0x0, 0xbc, 0x1f, 0x43, 0xe0, 0x7, 0xc3,
    0xfc, 0x3d, 0x0, 0x0, 0xbf, 0xf0, 0x0, 0x0,
    0x7f, 0xaf, 0xd0, 0x6, 0xff, 0xe0, 0xbf, 0xf9,
    0xbf, 0xe4, 0x1, 0xff, 0xf7, 0x90, 0x0, 0x0,
    0xad, 0x0, 0x0, 0x0, 0x0, 0x0,

    /* U+70ED "热" */
    0x3, 0xd0, 0xb, 0xc0, 0x0, 0xf, 0x40, 0x2f,
    0x0, 0x7, 0xff, 0xeb, 0xff, 0xf8, 0xf, 0xff,
    0x5f, 0xff, 0xf0, 0x3, 0xd0, 0xb, 0x83, 0xc0,
    0xf, 0x40, 0x2e, 0xf, 0x6, 0xbf, 0xef, 0xf4,
    0x3c, 0x2f, 0xff, 0x6f, 0xf4, 0xf0, 0x17, 0xd0,
    0x3f, 0xf7, 0xc0, 0xf, 0x42, 0xf5, 0xcf, 0x0,
    0x3d, 0x2f, 0x80, 0x3d, 0xf, 0xf0, 0xf8, 0x0,
    0xfe, 0x2f, 0x42, 0x80, 0x0, 0xf4, 0x14, 0x14,
    0x5, 0x5, 0x0, 0xf4, 0xf4, 0xbc, 0x3d, 0xb,
    0xc3, 0xf0, 0xf4, 0xf8, 0x3e, 0xb, 0xc3, 0xe1,
    0xf0, 0xf4, 0x1f, 0x4b, 0xc3, 0xd0,

    /* U+7259 "牙" */
    0x3f, 0xff, 0xff, 0xff, 0xd0, 0xff, 0xff, 0xff,
    0xff, 0x40, 0x28, 0x0, 0x1f, 0x40, 0x1, 0xf0,
    0x0, 0x3c, 0x0, 0xf, 0x80, 0x0, 0xf0, 0x0,
    0x3d, 0x0, 0x7, 0xd0, 0x1, 0xff, 0xff, 0xff,
    0xff, 0x3, 0xff, 0xff, 0xff, 0xfc, 0x0, 0x0,
    0x2f, 0xf0, 0x0, 0x0, 0x3, 0xfb, 0xc0, 0x0,
    0x0, 0x7f, 0x4f, 0x0, 0x0, 0x1f, 0xf4, 0x3c,
    0x0, 0x7, 0xfe, 0x0, 0xf0, 0x1, 0xff, 0xd0,
    0x3, 0xc0, 0x7, 0xf4, 0x14, 0x2f, 0x0, 0x8,
    0x0, 0xff, 0xfc, 0x0, 0x0, 0x1, 0xff, 0xc0,
    0x0, 0x0, 0x0, 0x0, 0x0, 0x0,

    /* U+770B "看" */
    0x0, 0x0, 0x0, 0x1, 0x50, 0x7f, 0xff, 0xff,
    0xff, 0xc1, 0xff, 0xff, 0xfe, 0xa9, 0x2, 0xff,
    0xff, 0xff, 0xf0, 0xb, 0xff, 0xff, 0xff, 0xd0,
    0x5, 0x5f, 0x95, 0x55, 0x3, 0xff, 0xff, 0xff,
    0xff, 0x8a, 0xaf, 0xea, 0xaa, 0xa9, 0x0, 0xbf,
    0xff, 0xfe, 0x40, 0xb, 0xff, 0xff, 0xff, 0x1,
    0xff, 0x0, 0x0, 0x3c, 0x1f, 0xff, 0xff, 0xff,
    0xf0, 0x39, 0xfa, 0xaa, 0xab, 0xc0, 0x3, 0xea,
    0xaa, 0xaf, 0x0, 0xf, 0xff, 0xff, 0xfc, 0x0,
    0x3c, 0x0, 0x0, 0xf0, 0x0, 0xff, 0xff, 0xff,
    0xc0, 0x2, 0xff, 0xff, 0xfe, 0x0,

    /* U+786E "确" */
    0x0, 0x0, 0x1f, 0x0, 0x0, 0xff, 0xfc, 0xfd,
    0x54, 0x3, 0xff, 0xf7, 0xff, 0xf4, 0x0, 0xf0,
    0x5, 0x57, 0xc0, 0x7, 0xc0, 0xbf, 0xff, 0xe0,
    0x2e, 0x3, 0xff, 0xff, 0xc0, 0xf8, 0xf, 0xf,
    0xf, 0x4b, 0xff, 0x3c, 0x3c, 0x3d, 0x7f, 0xfd,
    0xff, 0xff, 0xf5, 0xfc, 0xf7, 0xff, 0xff, 0xd2,
    0xf3, 0xdf, 0xf, 0xf, 0x43, 0xcf, 0x7e, 0xbe,
    0xbd, 0xf, 0x3d, 0xff, 0xff, 0xf4, 0x3c, 0xf7,
    0xc3, 0xd3, 0xd0, 0xf3, 0xdf, 0xf, 0xf, 0x43,
    0xff, 0xbc, 0x3d, 0x3d, 0xf, 0xfe, 0xe0, 0xfb,
    0xf0, 0x0, 0xf, 0x43, 0xdf, 0x80,

    /* U+793A "示" */
    0xf, 0xff, 0xff, 0xff, 0x40, 0x3f, 0xff, 0xff,
    0xfd, 0x0, 0x0, 0x0, 0x0, 0x0, 0x0, 0x0,
    0x0, 0x0, 0x0, 0x0, 0x0, 0x0, 0x0, 0x0,
    0x0, 0x0, 0x0, 0x0, 0xb, 0xff, 0xff, 0xff,
    0xff, 0x2f, 0xff, 0xff, 0xff, 0xfc, 0x0, 0x0,
    0xf8, 0x0, 0x0, 0x3e, 0x3, 0xe0, 0x7c, 0x0,
    0xf4, 0xf, 0x80, 0xf4, 0xb, 0xc0, 0x3e, 0x3,
    0xe0, 0x3e, 0x0, 0xf8, 0xb, 0xc1, 0xf0, 0x3,
    0xe0, 0x1f, 0xb, 0xc0, 0x1f, 0x80, 0x3d, 0x0,
    0x1f, 0xfd, 0x0, 0x0, 0x0, 0x2f, 0xe0, 0x0,
    0x0, 0x0, 0x0, 0x0, 0x0, 0x0,

    /* U+7D22 "索" */
    0x0, 0x0, 0xf8, 0x0, 0x1, 0xff, 0xff, 0xff,
    0xfc, 0xf, 0xff, 0xff, 0xff, 0xc0, 0x0, 0xf,
    0x80, 0x0, 0x3f, 0xff, 0xff, 0xff, 0xe7, 0xff,
    0xff, 0xff, 0xff, 0x7c, 0xa, 0x80, 0x66, 0xf6,
    0x87, 0xe0, 0x2f, 0x1f, 0xb, 0xff, 0xff, 0xc0,
    0x0, 0xbf, 0xff, 0xe1, 0xf0, 0x0, 0x6f, 0xe0,
    0xf, 0x41, 0xff, 0xff, 0xff, 0xfc, 0x1f, 0xff,
    0xff, 0xff, 0xc0, 0x0, 0xb, 0xc0, 0x0, 0xf,
    0x40, 0xbc, 0xf, 0x80, 0xf4, 0xb, 0xc0, 0xbc,
    0x2f, 0x1f, 0xf8, 0x7, 0xc3, 0xe1, 0xff, 0x40,
    0x3d, 0x0, 0x0, 0x0, 0x0, 0x0,

    /* U+7EDC "络" */
    0x1, 0xf0, 0xf, 0x40, 0x0, 0xb, 0x80, 0x7f,
    0xff, 0x40, 0x3c, 0x3, 0xff, 0xff, 0x1, 0xf7,
    0xaf, 0x40, 0xf8, 0xf, 0x6f, 0xff, 0xb, 0xc0,
    0xbc, 0xf7, 0x7f, 0xbe, 0x3, 0xff, 0xc0, 0x3f,
    0xe0, 0xf, 0xfd, 0x6, 0xff, 0xe0, 0x2, 0xf2,
    0xff, 0x9f, 0xfc, 0x1f, 0x7, 0x90, 0x6, 0xe1,
    0xff, 0xc2, 0xff, 0xfc, 0xf, 0xff, 0x1f, 0xff,
    0xf4, 0x29, 0x40, 0x7c, 0x3, 0xd0, 0x0, 0x1,
    0xf0, 0xf, 0x40, 0x0, 0x47, 0xc0, 0x3d, 0xb,
    0xff, 0x5f, 0x0, 0xf4, 0x3f, 0xfd, 0x7f, 0xff,
    0xd0, 0xa5, 0x0, 0xff, 0xff, 0x0,

    /* U+7EE7 "继" */
    0x2, 0xd0, 0x0, 0x3d, 0x0, 0x3, 0xc1, 0xf5,
    0x3d, 0x10, 0x7, 0xc1, 0xfb, 0x7d, 0xb4, 0xf,
    0x96, 0xf7, 0x7d, 0xf0, 0xf, 0x3e, 0xf3, 0xbd,
    0xf0, 0x2e, 0x7d, 0xf1, 0x7d, 0x50, 0x3f, 0xf9,
    0xfb, 0xff, 0xf4, 0x3f, 0xf5, 0xfb, 0xff, 0xf8,
    0x3, 0xf1, 0xf0, 0xbe, 0x40, 0x7, 0xc1, 0xf0,
    0xff, 0xd0, 0xf, 0xd5, 0xf2, 0xff, 0xe0, 0x3f,
    0xfd, 0xf7, 0xfe, 0xf0, 0x3f, 0xf9, 0xff, 0x7d,
    0xf8, 0x0, 0x1, 0xfa, 0x3d, 0x28, 0x0, 0x5,
    0xf0, 0x2d, 0x0, 0x16, 0xfd, 0xf0, 0x0, 0x0,
    0x7f, 0xfd, 0xff, 0xff, 0xfc, 0x3e, 0x90, 0xff,
    0xff, 0xfc,

    /* U+7EED "续" */
    0x2, 0xe0, 0x1, 0xf0, 0x0, 0x3, 0xd0, 0xff,
    0xff, 0xe0, 0x3, 0xc0, 0xff, 0xff, 0xf0, 0xb,
    0x98, 0x1, 0xf0, 0x0, 0xf, 0x7e, 0xff, 0xff,
    0xe0, 0x2f, 0x7d, 0xff, 0xff, 0xf8, 0x3f, 0xf8,
    0x0, 0x14, 0xb8, 0x3f, 0xf0, 0xfe, 0x7c, 0xf8,
    0x2, 0xe0, 0xbf, 0x7c, 0xf4, 0x7, 0xc0, 0x95,
    0x7c, 0x0, 0x1f, 0xf8, 0xff, 0x7c, 0x0, 0x3f,
    0xfc, 0x15, 0x7c, 0x0, 0x2e, 0x93, 0xff, 0xff,
    0xfc, 0x0, 0x2, 0xff, 0xff, 0xfc, 0x0, 0x54,
    0x7, 0xfe, 0x0, 0x3f, 0xf9, 0xbf, 0xef, 0xe0,
    0x3f, 0xfb, 0xff, 0x7, 0xf8, 0x10, 0x2, 0xe0,
    0x0, 0xb4, 0x0, 0x0, 0x0, 0x0, 0x0,

    /* U+7F16 "编" */
    0x3, 0xc0, 0x1, 0xf0, 0x0, 0x1f, 0x7, 0xff,
    0xff, 0x80, 0xf8, 0x3f, 0xff, 0xff, 0x83, 0xda,
    0xf0, 0x0, 0x2e, 0x1f, 0x7f, 0xea, 0xaa, 0xf8,
    0xfa, 0xef, 0xff, 0xff, 0xd7, 0xff, 0x3d, 0x0,
    0x0, 0xf, 0xfc, 0xfb, 0xff, 0xf8, 0x3, 0xd3,
    0xff, 0xff, 0xf8, 0x2e, 0xf, 0xdb, 0x2c, 0xe2,
    0xff, 0x7f, 0x6c, 0xb3, 0x8f, 0xfd, 0xff, 0xfb,
    0xee, 0x29, 0x53, 0xff, 0xff, 0xf8, 0x0, 0xf,
    0xeb, 0x2c, 0xe0, 0x6b, 0xbf, 0x6c, 0xb3, 0x9f,
    0xff, 0xed, 0xb2, 0xce, 0x7f, 0xef, 0x76, 0xca,
    0xb8, 0x90, 0x3d, 0xdb, 0x1f, 0xd0,

    /* U+7F51 "网" */
    0x3f, 0xff, 0xff, 0xff, 0x9f, 0xff, 0xff, 0xff,
    0xf7, 0xc0, 0x0, 0x0, 0xbd, 0xfb, 0x1e, 0xa2,
    0xef, 0x7e, 0xdb, 0x6d, 0xf7, 0xdf, 0x3f, 0xc3,
    0xfd, 0xf7, 0xcb, 0xf0, 0xfe, 0x7d, 0xf0, 0xf8,
    0x1f, 0x1f, 0x7c, 0x3c, 0x7, 0xc7, 0xdf, 0x2f,
    0x43, 0xf5, 0xf7, 0xdf, 0xf2, 0xfe, 0x7d, 0xff,
    0x7d, 0xf3, 0xdf, 0x7f, 0x87, 0xb4, 0xbb, 0xdf,
    0x40, 0x44, 0x6, 0xf7, 0xc0, 0x0, 0x55, 0xfd,
    0xf0, 0x0, 0x2f, 0xfe, 0x7c, 0x0, 0x2, 0xbe,
    0x0,

    /* U+7F6E "置" */
    0xf, 0xff, 0xff, 0xff, 0xf0, 0x1f, 0xab, 0xeb,
    0xea, 0xf4, 0x1f, 0x9b, 0xd7, 0xe5, 0xf4, 0xb,
    0xff, 0xff, 0xff, 0xe0, 0x1a, 0xaa, 0xbe, 0xaa,
    0xa4, 0x2f, 0xff, 0xff, 0xff, 0xfc, 0x0, 0x15,
    0x7d, 0x54, 0x0, 0x2, 0xff, 0xff, 0xff, 0x80,
    0x3, 0xe5, 0x55, 0x5b, 0xc0, 0x3, 0xff, 0xff,
    0xff, 0xc0, 0x3, 0xe5, 0x55, 0x5b, 0xc0, 0x3,
    0xff, 0xff, 0xff, 0xc0, 0x3, 0xe5, 0x55, 0x5b,
    0xc0, 0x3, 0xff, 0xff, 0xff, 0xc0, 0x3, 0xe0,
    0x0, 0x7, 0xc0, 0x2b, 0xfa, 0xaa, 0xaf, 0xe8,
    0x3f, 0xff, 0xff, 0xff, 0xfc,

    /* U+83DC "菜" */
    0x0, 0x3d, 0x0, 0xf4, 0x0, 0xaa, 0xfe, 0xab,
    0xfa, 0x93, 0xff, 0xff, 0xff, 0xff, 0x85, 0x5f,
    0x95, 0x7e, 0x54, 0x0, 0x0, 0x0, 0x0, 0x40,
    0x3f, 0xff, 0xff, 0xff, 0x40, 0xff, 0xff, 0xfe,
    0xa8, 0x0, 0xa4, 0x29, 0x2, 0x80, 0x1, 0xf0,
    0x7c, 0x2f, 0x0, 0x1, 0x40, 0xa0, 0x54, 0x2,
    0xff, 0xff, 0xff, 0xff, 0x4f, 0xff, 0xff, 0xff,
    0xfd, 0x0, 0xb, 0xff, 0xd0, 0x0, 0x1, 0xff,
    0xff, 0xe0, 0x1, 0xbf, 0xd7, 0xcf, 0xf9, 0x1f,
    0xf8, 0x1f, 0x7, 0xfe, 0x3e, 0x0, 0x7c, 0x1,
    0xf4, 0x0, 0x1, 0xf0, 0x0, 0x0,

    /* U+84DD "蓝" */
    0x0, 0x1f, 0x0, 0xb8, 0x0, 0x2f, 0xff, 0xff,
    0xff, 0xfc, 0x3f, 0xff, 0xff, 0xff, 0xfc, 0x0,
    0x1f, 0x40, 0xbc, 0x0, 0x0, 0x5, 0x41, 0x90,
    0x0, 0x2, 0x87, 0xc3, 0xe5, 0x50, 0x3, 0xc7,
    0xc7, 0xff, 0xf0, 0x3, 0xc7, 0xcf, 0x95, 0x50,
    0x3, 0xc7, 0xef, 0x2f, 0x0, 0x3, 0xc7, 0xec,
    0x1f, 0x0, 0x1, 0x2, 0x40, 0xa, 0x0, 0x2,
    0xff, 0xff, 0xff, 0x80, 0x3, 0xff, 0xff, 0xff,
    0xc0, 0x3, 0xc3, 0xd3, 0xc3, 0xd0, 0x3, 0xc3,
    0xd3, 0xc3, 0xd0, 0x3, 0xc3, 0xd3, 0xc3, 0xd0,
    0x3f, 0xff, 0xff, 0xff, 0xfd, 0x3f, 0xff, 0xff,
    0xff, 0xfd,

    /* U+8A00 "言" */
    0x0, 0x0, 0x7c, 0x0, 0x0, 0x0, 0x2, 0xf4,
    0x0, 0x3, 0xff, 0xff, 0xff, 0xff, 0xcf, 0xff,
    0xff, 0xff, 0xff, 0x0, 0x0, 0x0, 0x0, 0x0,
    0x1f, 0xff, 0xff, 0xff, 0x40, 0x7f, 0xff, 0xff,
    0xfd, 0x0, 0x0, 0x0, 0x0, 0x0, 0x7, 0xff,
    0xff, 0xff, 0xd0, 0xf, 0xff, 0xff, 0xff, 0x40,
    0x0, 0x0, 0x0, 0x0, 0x0, 0xbf, 0xff, 0xff,
    0xe0, 0x7, 0xff, 0xff, 0xff, 0xd0, 0x1f, 0x0,
    0x0, 0xf, 0x40, 0x7c, 0x0, 0x0, 0x3d, 0x1,
    0xf0, 0x0, 0x0, 0xf4, 0x7, 0xff, 0xff, 0xff,
    0xd0, 0xf, 0xff, 0xff, 0xff, 0x0,

    /* U+8B66 "警" */
    0x0, 0x0, 0x0, 0x0, 0x0, 0x0, 0xf2, 0xd0,
    0xb4, 0x0, 0x2f, 0xff, 0xfd, 0xff, 0xfc, 0x9,
    0xa2, 0x82, 0xf5, 0xf4, 0x1f, 0xff, 0xf7, 0xf1,
    0xe0, 0x2e, 0xa9, 0x78, 0x3f, 0xc0, 0x2f, 0xff,
    0x38, 0x3f, 0xc0, 0xb, 0x5b, 0xf7, 0xff, 0xfc,
    0x7, 0xff, 0x76, 0xe0, 0x7c, 0x1a, 0xaa, 0xfe,
    0xaa, 0xa4, 0x1a, 0xaa, 0xaa, 0xaa, 0xa4, 0x3,
    0xff, 0xff, 0xff, 0xc0, 0x1, 0x55, 0x55, 0x55,
    0x40, 0x3, 0xff, 0xff, 0xff, 0xc0, 0x1, 0xaa,
    0xaa, 0xaa, 0x40, 0x3, 0xff, 0xff, 0xff, 0xc0,
    0x7, 0xd5, 0x55, 0x57, 0xd0, 0x7, 0xd5, 0x55,
    0x57, 0xd0, 0x3, 0xff, 0xff, 0xff, 0xc0,

    /* U+8BA4 "认" */
    0x9, 0x0, 0x1, 0xf0, 0x0, 0xf, 0xe0, 0x1,
    0xf0, 0x0, 0x7, 0xf0, 0x1, 0xf0, 0x0, 0x0,
    0x20, 0x1, 0xf0, 0x0, 0x0, 0x0, 0x1, 0xf0,
    0x0, 0x3f, 0xc0, 0x1, 0xf0, 0x0, 0x3f, 0xd0,
    0x2, 0xf0, 0x0, 0x3, 0xd0, 0x2, 0xf4, 0x0,
    0x3, 0xd0, 0x3, 0xf8, 0x0, 0x3, 0xd0, 0x3,
    0xfc, 0x0, 0x3, 0xd0, 0xb, 0xfc, 0x0, 0x3,
    0xd0, 0xf, 0x6f, 0x0, 0x3, 0xd9, 0x2f, 0xf,
    0x40, 0x3, 0xfd, 0x7d, 0xb, 0xd0, 0x7, 0xfd,
    0xfc, 0x3, 0xf0, 0xf, 0xe7, 0xf0, 0x1, 0xfc,
    0xb, 0x3, 0xc0, 0x0, 0x78, 0x0, 0x1, 0x0,
    0x0, 0x14,

    /* U+8BBE "设" */
    0x0, 0x0, 0x0, 0x0, 0x0, 0xf, 0x40, 0x7f,
    0xff, 0x0, 0xf, 0xf0, 0xbf, 0xff, 0x40, 0x1,
    0xb0, 0xbc, 0xf, 0x40, 0x0, 0x1, 0xf8, 0xf,
    0x84, 0x3f, 0xc7, 0xf0, 0xf, 0xfc, 0x3f, 0xd3,
    0x40, 0x2, 0xa4, 0x3, 0xd1, 0xff, 0xff, 0xd0,
    0x3, 0xd1, 0xff, 0xff, 0xf0, 0x3, 0xd0, 0x50,
    0x3, 0xf0, 0x3, 0xd0, 0xf4, 0x7, 0xd0, 0x3,
    0xd0, 0xbc, 0xf, 0xc0, 0x3, 0xd9, 0x3f, 0x3f,
    0x40, 0x3, 0xfd, 0x1f, 0xfd, 0x0, 0x7, 0xfc,
    0x1f, 0xfd, 0x0, 0xb, 0xeb, 0xff, 0xff, 0xf8,
    0xa, 0xf, 0xf8, 0x2f, 0xfc, 0x0, 0xa, 0x40,
    0x0, 0x68,

    /* U+8BD5 "试" */
    0x4, 0x0, 0x0, 0x3c, 0x0, 0x1f, 0x40, 0x0,
    0x3c, 0xf0, 0x1f, 0xe0, 0x0, 0x3d, 0xb0, 0x0,
    0x57, 0xff, 0xff, 0xfc, 0x0, 0x7, 0xff, 0xff,
    0xfc, 0x3f, 0xc0, 0x0, 0x3e, 0x0, 0x3f, 0xc0,
    0x0, 0x3e, 0x0, 0x7, 0xc7, 0xff, 0xae, 0x0,
    0x7, 0xc3, 0xff, 0xaf, 0x0, 0x7, 0xc0, 0xbc,
    0x1f, 0x0, 0x7, 0xc0, 0x7c, 0x1f, 0x0, 0x7,
    0xc0, 0x7c, 0xf, 0x40, 0x7, 0xc4, 0x7c, 0xf,
    0x40, 0x7, 0xf4, 0x7c, 0xf, 0x80, 0xb, 0xf9,
    0xbf, 0xcb, 0xc0, 0xf, 0xeb, 0xff, 0xc7, 0xe8,
    0xf, 0x6, 0x50, 0x3, 0xfc, 0x0, 0x0, 0x0,
    0x0, 0xa4,

    /* U+8BE6 "详" */
    0x24, 0x0, 0xf0, 0xf, 0x40, 0xfe, 0x3, 0xd0,
    0x7c, 0x2, 0xfc, 0xb, 0xc3, 0xe0, 0x0, 0x13,
    0xff, 0xff, 0xfc, 0x0, 0xb, 0xff, 0xff, 0xf3,
    0xf8, 0x0, 0xf, 0x0, 0xf, 0xf0, 0x0, 0x3c,
    0x0, 0x7, 0xc1, 0xff, 0xff, 0xf4, 0xf, 0x3,
    0xff, 0xff, 0xd0, 0x3c, 0x0, 0x1f, 0x40, 0x0,
    0xf0, 0x0, 0x3c, 0x0, 0x3, 0xc0, 0x1, 0xf4,
    0x0, 0xf, 0xf, 0xff, 0xff, 0xf0, 0x3c, 0x7f,
    0xff, 0xff, 0xc1, 0xff, 0x0, 0x3c, 0x0, 0xb,
    0xfc, 0x0, 0xf0, 0x0, 0x2f, 0x80, 0x3, 0xc0,
    0x0, 0x50, 0x0, 0xf, 0x0, 0x0,

    /* U+8BED "语" */
    0x4, 0x0, 0x0, 0x0, 0x0, 0xf, 0x93, 0xff,
    0xff, 0xf8, 0xf, 0xf2, 0xff, 0xff, 0xf8, 0x0,
    0x60, 0xf, 0x40, 0x0, 0x0, 0x2, 0xff, 0xff,
    0xd0, 0x3f, 0xc2, 0xff, 0xff, 0xf0, 0x3f, 0xc0,
    0x1f, 0x1, 0xf0, 0x3, 0xc0, 0x2f, 0x1, 0xf0,
    0x3, 0xcb, 0xff, 0xff, 0xfc, 0x3, 0xc7, 0xff,
    0xff, 0xfc, 0x3, 0xc0, 0x0, 0x0, 0x0, 0x3,
    0xc0, 0xff, 0xff, 0xf0, 0x3, 0xc1, 0xff, 0xff,
    0xf4, 0x3, 0xdd, 0xf0, 0x0, 0xf4, 0x7, 0xfd,
    0xf0, 0x0, 0xf4, 0x7, 0xfd, 0xf0, 0x0, 0xf4,
    0xf, 0xe1, 0xff, 0xff, 0xf4, 0xb, 0x0, 0xff,
    0xff, 0xf0, 0x0, 0x0, 0x0, 0x0, 0x0,

    /* U+8BEF "误" */
    0x4, 0x0, 0x0, 0x0, 0x0, 0x1f, 0x90, 0xff,
    0xff, 0xe0, 0x1f, 0xf1, 0xff, 0xff, 0xf0, 0x0,
    0x71, 0xf0, 0x1, 0xf0, 0x0, 0x1, 0xfa, 0xab,
    0xf0, 0x3f, 0x80, 0xff, 0xff, 0xe0, 0x3f, 0xc0,
    0x0, 0x0, 0x0, 0x7, 0xc3, 0xff, 0xff, 0xf4,
    0x7, 0xc3, 0xff, 0xff, 0xf4, 0x7, 0xc0, 0x2,
    0xf0, 0x0, 0x7, 0xc0, 0x2, 0xf0, 0x0, 0x7,
    0xcb, 0xff, 0xff, 0xfc, 0x7, 0xc7, 0xff, 0xff,
    0xfc, 0x7, 0xd4, 0x7, 0xfd, 0x0, 0x7, 0xf8,
    0x2f, 0xff, 0x80, 0xf, 0xf9, 0xff, 0xf, 0xf4,
    0xf, 0xcb, 0xf8, 0x2, 0xfc, 0x9, 0x7, 0x80,
    0x0, 0x78, 0x0, 0x0, 0x0, 0x0, 0x0,

    /* U+8D25 "败" */
    0x0, 0x0, 0x2, 0xe0, 0x0, 0xbf, 0xfd, 0xf,
    0x40, 0x3, 0xff, 0xfc, 0x3d, 0x0, 0xf, 0x28,
    0xf1, 0xff, 0xfe, 0x3c, 0xf3, 0xcb, 0xff, 0xf8,
    0xf3, 0xcf, 0x3d, 0xf, 0x43, 0xcf, 0x3e, 0xf4,
    0x3d, 0xf, 0x3c, 0xff, 0xf0, 0xf0, 0x3c, 0xf3,
    0xef, 0xc3, 0xc0, 0xf3, 0xcf, 0xf, 0x5e, 0x3,
    0xcf, 0x3c, 0x2e, 0xf4, 0xf, 0x7c, 0xf0, 0x3f,
    0xc0, 0x16, 0xf5, 0x40, 0xbe, 0x0, 0xf, 0xf4,
    0x3, 0xfc, 0x0, 0xfd, 0xf0, 0x3f, 0xfc, 0xf,
    0xc3, 0xc7, 0xf6, 0xfd, 0x7d, 0xb, 0xbf, 0x42,
    0xf8, 0xd0, 0x0, 0xf0, 0x1, 0xd0, 0x0, 0x1,
    0x0, 0x0, 0x0,

    /* U+8DF3 "跳" */
    0x0, 0x0, 0xf, 0x7d, 0x0, 0x1f, 0xf9, 0x4f,
    0x7d, 0x50, 0x3f, 0xfe, 0xdf, 0x7d, 0xf0, 0x3c,
    0x3d, 0xef, 0x7d, 0xf0, 0x3c, 0x3d, 0xef, 0x7e,
    0xf0, 0x3f, 0xbc, 0xff, 0x7f, 0xe0, 0x1f, 0xfc,
    0xff, 0x7f, 0xd0, 0x0, 0xf0, 0xf, 0x7d, 0x0,
    0x3c, 0xf0, 0x2f, 0x7f, 0x80, 0x3c, 0xfd, 0xff,
    0x3f, 0xf4, 0x3c, 0xff, 0xff, 0x3e, 0xf4, 0x3c,
    0xf1, 0x9f, 0x3d, 0x10, 0x3c, 0xf0, 0x3e, 0x3d,
    0x0, 0x3c, 0xf0, 0x7d, 0x3d, 0x3c, 0x3e, 0xfd,
    0xfc, 0x3d, 0x3c, 0x7f, 0xff, 0xf4, 0x3f, 0xbc,
    0x7e, 0x51, 0xe0, 0x2f, 0xfc, 0x0, 0x0, 0x80,
    0x6, 0x90, 0x0, 0x0, 0x0, 0x0, 0x0,

    /* U+8F7D "载" */
    0x0, 0x3d, 0x2, 0xf0, 0x0, 0x0, 0x3d, 0x2,
    0xf3, 0xd0, 0x1f, 0xff, 0xf5, 0xf1, 0xe0, 0xa,
    0xbf, 0xa5, 0xf0, 0xf0, 0x0, 0x3d, 0x1, 0xf0,
    0x0, 0x7f, 0xff, 0xff, 0xff, 0xfd, 0x3f, 0xff,
    0xff, 0xff, 0xfc, 0x0, 0xf4, 0x0, 0xf4, 0x10,
    0x3f, 0xff, 0xfc, 0xf4, 0xf4, 0x2f, 0xff, 0xfc,
    0xf8, 0xf0, 0xf, 0xae, 0x0, 0xba, 0xf0, 0x2f,
    0xff, 0xf8, 0x7f, 0xd0, 0x1f, 0xff, 0xf8, 0x7f,
    0xc0, 0x0, 0x2f, 0x0, 0x3f, 0x40, 0x3f, 0xff,
    0xfd, 0xff, 0x0, 0x3f, 0xff, 0xbf, 0xff, 0xe8,
    0x0, 0x2f, 0x2f, 0xdf, 0xfc, 0x0, 0x2f, 0xe,
    0x2, 0xf8, 0x0, 0x0, 0x0, 0x0, 0x0,

    /* U+8F91 "辑" */
    0x3, 0xd0, 0x0, 0x0, 0x0, 0x3, 0xc0, 0x2f,
    0xff, 0xf0, 0x3f, 0xff, 0x7f, 0xff, 0xf0, 0x3f,
    0xff, 0x7e, 0x56, 0xf0, 0xb, 0x80, 0x3f, 0xff,
    0xf0, 0xf, 0xbc, 0x0, 0x0, 0x0, 0xf, 0x7c,
    0xff, 0xff, 0xfd, 0x1f, 0x7c, 0xff, 0xff, 0xfc,
    0x2f, 0xbe, 0x3e, 0x56, 0xf0, 0x2f, 0xff, 0x3f,
    0xff, 0xf0, 0x1, 0xbd, 0x3e, 0x56, 0xf0, 0x0,
    0x7d, 0x3f, 0xff, 0xf0, 0x2b, 0xff, 0x3f, 0xff,
    0xf0, 0x3f, 0xff, 0x3d, 0x1, 0xf0, 0x29, 0xbc,
    0x7e, 0xbf, 0xfd, 0x0, 0x7c, 0xff, 0xff, 0xfd,
    0x0, 0x7c, 0xa9, 0x51, 0xf0, 0x0, 0x7c, 0x0,
    0x1, 0xf0,

    /* U+8FC7 "过" */
    0x0, 0x0, 0x0, 0x0, 0x0, 0xa4, 0x0, 0x0,
    0x3d, 0x2, 0xfe, 0x0, 0x0, 0xf4, 0x2, 0xf8,
    0x0, 0x3, 0xd0, 0x0, 0x17, 0xff, 0xff, 0xf8,
    0x0, 0x1f, 0xff, 0xff, 0xd3, 0xf8, 0x0, 0x0,
    0xf4, 0xf, 0xf0, 0x3c, 0x3, 0xd0, 0x3, 0xc0,
    0xf4, 0xf, 0x40, 0xf, 0x2, 0xe0, 0x3d, 0x0,
    0x3c, 0x3, 0xc0, 0xf4, 0x0, 0xf0, 0x0, 0x3,
    0xd0, 0x3, 0xc0, 0x0, 0xf, 0x40, 0xf, 0x0,
    0x3f, 0xfd, 0x0, 0x7d, 0x0, 0xbf, 0xe0, 0x3,
    0xfc, 0x0, 0x0, 0x0, 0x2f, 0xfd, 0x0, 0x0,
    0x1, 0xf4, 0xff, 0xff, 0xff, 0xf3, 0x40, 0xbf,
    0xff, 0xff, 0x80, 0x0, 0x0, 0x0, 0x0,

    /* U+8FD4 "返" */
    0x28, 0x0, 0x0, 0x0, 0x50, 0xbf, 0x47, 0xff,
    0xff, 0xc0, 0xbe, 0x3f, 0xff, 0xfa, 0x0, 0x4,
    0xf4, 0x0, 0x0, 0x0, 0x3, 0xe5, 0x55, 0x40,
    0xfe, 0xf, 0xff, 0xff, 0xc3, 0xfc, 0x3f, 0xaa,
    0xbf, 0x0, 0xf0, 0xf8, 0x0, 0xb8, 0x3, 0xc3,
    0xff, 0x3, 0xd0, 0xf, 0xf, 0x7e, 0x2f, 0x0,
    0x3c, 0x3c, 0x7f, 0xf4, 0x0, 0xf1, 0xf0, 0xbf,
    0xc0, 0x3, 0xcb, 0xdf, 0xff, 0xe0, 0x1f, 0x7d,
    0xfe, 0x6f, 0xc0, 0xff, 0x52, 0x80, 0xb, 0xb,
    0xff, 0x40, 0x0, 0x0, 0x7d, 0x3f, 0xff, 0xff,
    0xf8, 0xd0, 0x2f, 0xff, 0xff, 0xd0, 0x0, 0x0,
    0x0, 0x0, 0x0,

    /* U+8FDE "连" */
    0x28, 0x0, 0xf, 0x0, 0x0, 0xbf, 0x40, 0x7c,
    0x0, 0x0, 0x7d, 0xbf, 0xff, 0xff, 0x40, 0x2,
    0xff, 0xff, 0xfd, 0x0, 0x0, 0xbc, 0x50, 0x0,
    0xfe, 0x3, 0xe3, 0xc0, 0x3, 0xfc, 0x3f, 0x1f,
    0x0, 0x1, 0xf0, 0xff, 0xff, 0xfc, 0x3, 0xc2,
    0xff, 0xff, 0xe0, 0xf, 0x0, 0x3, 0xc0, 0x0,
    0x3c, 0xaa, 0xbf, 0xaa, 0x40, 0xf3, 0xff, 0xff,
    0xfe, 0x3, 0xc5, 0x56, 0xf5, 0x50, 0x1f, 0x40,
    0x3, 0xc0, 0x0, 0xff, 0x0, 0xf, 0x0, 0xb,
    0xef, 0x40, 0x0, 0x0, 0x7d, 0x3f, 0xff, 0xff,
    0xfc, 0xd0, 0x2f, 0xff, 0xff, 0xe0, 0x0, 0x0,
    0x0, 0x0, 0x0,

    /* U+9000 "退" */
    0x10, 0x0, 0x0, 0x0, 0x0, 0xbe, 0xb, 0xff,
    0xff, 0x81, 0xfd, 0x3f, 0xff, 0xff, 0x0, 0x14,
    0xf4, 0x0, 0x7c, 0x0, 0x3, 0xff, 0xff, 0xf0,
    0xf9, 0xf, 0xea, 0xaf, 0xc3, 0xfc, 0x3d, 0x0,
    0x1f, 0x1, 0xf0, 0xff, 0xff, 0xfc, 0x3, 0xc3,
    0xff, 0xff, 0xd0, 0xf, 0xf, 0x4a, 0x41, 0xc0,
    0x3c, 0x3d, 0x1f, 0xbf, 0x0, 0xf0, 0xf4, 0x1f,
    0xf4, 0x3, 0xc3, 0xeb, 0x2f, 0x0, 0x1f, 0x5f,
    0xfc, 0x2f, 0x0, 0xfe, 0x7e, 0x40, 0x2e, 0xb,
    0xff, 0x40, 0x0, 0x0, 0x7d, 0x3f, 0xff, 0xff,
    0xfc, 0xd0, 0x2f, 0xff, 0xff, 0xe0, 0x0, 0x0,
    0x0, 0x0, 0x0,

    /* U+91CD "重" */
    0x0, 0x0, 0x0, 0x1, 0x1, 0xff, 0xff, 0xff,
    0xf8, 0x1f, 0xff, 0xff, 0xea, 0x47, 0xff, 0xff,
    0xff, 0xfd, 0x7f, 0xff, 0xff, 0xff, 0xe0, 0x15,
    0x5f, 0x55, 0x40, 0xf, 0xff, 0xff, 0xff, 0x1,
    0xfa, 0xaf, 0xaa, 0xf4, 0x1f, 0xaa, 0xfe, 0xaf,
    0x41, 0xff, 0xff, 0xff, 0xf4, 0x1f, 0x55, 0xf9,
    0x5f, 0x41, 0xff, 0xff, 0xff, 0xf4, 0x5, 0x55,
    0xf9, 0x54, 0x2, 0xff, 0xff, 0xff, 0xf8, 0x2f,
    0xff, 0xff, 0xff, 0xc0, 0x0, 0xf, 0x40, 0x0,
    0xbf, 0xff, 0xff, 0xff, 0xfb, 0xff, 0xff, 0xff,
    0xff,

    /* U+91CF "量" */
    0x3, 0xff, 0xff, 0xff, 0xc0, 0x1f, 0xff, 0xff,
    0xff, 0x40, 0x7d, 0x55, 0x55, 0x7d, 0x1, 0xff,
    0xff, 0xff, 0xf4, 0x1, 0x6a, 0xaa, 0xa9, 0x40,
    0xff, 0xff, 0xff, 0xff, 0xf2, 0xaa, 0xaa, 0xaa,
    0xaa, 0x80, 0xbf, 0xff, 0xff, 0xe0, 0x3, 0xe5,
    0xbe, 0x5b, 0xc0, 0xf, 0xff, 0xff, 0xff, 0x0,
    0x3d, 0x5b, 0xd5, 0xbc, 0x0, 0xff, 0xff, 0xff,
    0xf0, 0x0, 0x55, 0xbe, 0x55, 0x0, 0x2f, 0xff,
    0xff, 0xff, 0x80, 0x2a, 0xab, 0xea, 0xa9, 0xa,
    0xaa, 0xaf, 0xaa, 0xaa, 0x3f, 0xff, 0xff, 0xff,
    0xfc,

    /* U+9519 "错" */
    0x0, 0x0, 0x0, 0x0, 0x0, 0xf8, 0x0, 0xb8,
    0x3c, 0x7, 0xd5, 0x42, 0xe0, 0xf0, 0x2f, 0xff,
    0xbf, 0xff, 0xfc, 0x6a, 0xa9, 0xff, 0xff, 0xf0,
    0x0, 0x0, 0xb8, 0x3c, 0x6, 0xaa, 0x42, 0xe1,
    0xf0, 0x1f, 0xfd, 0xff, 0xff, 0xfe, 0x1f, 0x93,
    0xff, 0xff, 0xf4, 0x3d, 0x0, 0x0, 0x0, 0xa,
    0xfe, 0x4f, 0xff, 0xfd, 0x3f, 0xfe, 0x7f, 0xff,
    0xf8, 0x5f, 0x91, 0xf0, 0x2, 0xe0, 0x3d, 0x7,
    0xff, 0xff, 0x80, 0xf6, 0x9f, 0xff, 0xfe, 0x3,
    0xff, 0x7c, 0x0, 0xb8, 0xf, 0xf9, 0xf0, 0x2,
    0xe0, 0x7f, 0x87, 0xff, 0xff, 0x80, 0xe0, 0xb,
    0xff, 0xfd, 0x0, 0x0, 0x0, 0x0, 0x0,

    /* U+95F4 "间" */
    0x1f, 0x47, 0xff, 0xff, 0x80, 0xbc, 0x7f, 0xff,
    0xfc, 0x2, 0x90, 0x0, 0x7, 0xc6, 0x80, 0x0,
    0x0, 0x3c, 0x7c, 0x3f, 0xff, 0xc3, 0xc7, 0xc7,
    0xff, 0xfc, 0x3c, 0x7c, 0x7c, 0x7, 0xc3, 0xc7,
    0xc7, 0xc0, 0x7c, 0x3c, 0x7c, 0x7f, 0xff, 0xc3,
    0xc7, 0xc7, 0xff, 0xfc, 0x3c, 0x7c, 0x7c, 0x7,
    0xc3, 0xc7, 0xc7, 0xc0, 0x7c, 0x3c, 0x7c, 0x7f,
    0xff, 0xc3, 0xc7, 0xc2, 0xff, 0xf4, 0x3c, 0x7c,
    0x0, 0x1, 0xb, 0xc7, 0xc0, 0x0, 0x7f, 0xfc,
    0x7c, 0x0, 0x2, 0xff, 0x40, 0x0, 0x0, 0x0,
    0x0,

    /* U+9634 "阴" */
    0xbf, 0xf4, 0xff, 0xff, 0x7f, 0xfe, 0x7f, 0xff,
    0xff, 0x4b, 0x9f, 0x0, 0xbf, 0xd3, 0xc7, 0xc0,
    0x2f, 0xf4, 0xf1, 0xff, 0xff, 0xfd, 0x78, 0x7f,
    0xff, 0xff, 0x6f, 0x1f, 0x0, 0xbf, 0xd7, 0xd7,
    0xc0, 0x2f, 0xf4, 0xf9, 0xf0, 0xb, 0xfd, 0x2e,
    0x7f, 0xff, 0xff, 0x4b, 0xaf, 0xff, 0xff, 0xff,
    0xeb, 0xc0, 0x2f, 0xff, 0xf3, 0xe0, 0xb, 0xfd,
    0x0, 0xf4, 0x2, 0xff, 0x40, 0x7c, 0x0, 0xff,
    0xd0, 0x2f, 0x7, 0xfe, 0xf4, 0xf, 0x40, 0xbe,
    0x0,

    /* U+9664 "除" */
    0x0, 0x0, 0xf, 0xc0, 0xb, 0xff, 0x2, 0xff,
    0x0, 0xff, 0xf0, 0xbf, 0xf8, 0xf, 0x5f, 0x7f,
    0xcb, 0xf4, 0xf6, 0xff, 0xe0, 0x2f, 0xdf, 0x7d,
    0xff, 0xff, 0xfc, 0xf7, 0xc1, 0xff, 0xfe, 0xf,
    0xbc, 0x0, 0x7c, 0x0, 0xf7, 0xe0, 0x7, 0xc0,
    0xf, 0x5f, 0xbf, 0xff, 0xfc, 0xf5, 0xfb, 0xff,
    0xff, 0xcf, 0x4f, 0x0, 0x7c, 0x0, 0xff, 0xfb,
    0xc7, 0xcf, 0x4f, 0xfd, 0xf8, 0x7c, 0xb8, 0xf4,
    0xf, 0x7, 0xc7, 0xcf, 0x41, 0xf0, 0xbc, 0x3c,
    0xf4, 0x4, 0xbf, 0xc0, 0x4f, 0x40, 0x7, 0xe0,
    0x0,

    /* U+96E8 "雨" */
    0x7f, 0xff, 0xff, 0xff, 0xf7, 0xff, 0xff, 0xff,
    0xff, 0x0, 0x0, 0xf4, 0x0, 0x0, 0x0, 0xf,
    0x40, 0x0, 0x1f, 0xff, 0xff, 0xff, 0xc3, 0xff,
    0xff, 0xff, 0xfd, 0x3d, 0x0, 0xf4, 0x3, 0xd3,
    0xdb, 0x8f, 0x7d, 0x3d, 0x3d, 0x3c, 0xf5, 0xe3,
    0xd3, 0xd3, 0xdf, 0x4f, 0x3d, 0x3d, 0x0, 0xf4,
    0x3, 0xd3, 0xdb, 0x4f, 0x7d, 0x3d, 0x3d, 0x7c,
    0xf5, 0xe3, 0xd3, 0xd3, 0xdf, 0x4f, 0x3d, 0x3d,
    0x0, 0xf4, 0x3, 0xd3, 0xd0, 0xf, 0x4f, 0xfc,
    0x3d, 0x0, 0xf4, 0xff, 0x40, 0x0, 0x0, 0x0,
    0x0,

    /* U+9759 "静" */
    0x1, 0xe0, 0x3, 0xc0, 0x0, 0xff, 0xfe, 0x2f,
    0xfe, 0x2, 0xff, 0xf9, 0xff, 0xfd, 0x6, 0xbe,
    0xaf, 0x43, 0xf0, 0x2f, 0xff, 0x78, 0x1f, 0x80,
    0x1b, 0xd4, 0xff, 0xff, 0xc3, 0xff, 0xf9, 0xaf,
    0xef, 0x4a, 0xaa, 0x90, 0x3d, 0x3d, 0xa, 0xa9,
    0x3f, 0xff, 0xfc, 0xbf, 0xfc, 0xff, 0xff, 0xf3,
    0xd0, 0xf0, 0xf, 0x4f, 0x4f, 0xff, 0xcb, 0xff,
    0xfc, 0x3e, 0xaf, 0x3f, 0xff, 0xf0, 0xfa, 0xbc,
    0x3, 0xe0, 0x3, 0xff, 0xf0, 0xf, 0x40, 0xf,
    0x43, 0xc0, 0x3d, 0x0, 0x3d, 0xbf, 0x1f, 0xf0,
    0x0, 0xf5, 0xf4, 0x3f, 0x80, 0x0, 0x0, 0x0,
    0x0, 0x0, 0x0,

    /* U+97F3 "音" */
    0x0, 0x1, 0xf0, 0x0, 0x2, 0xff, 0xff, 0xff,
    0xf8, 0x3f, 0xff, 0xff, 0xff, 0xc0, 0x0, 0x0,
    0x0, 0x0, 0x1, 0xf0, 0x0, 0xf8, 0x0, 0x1f,
    0x40, 0x1f, 0x40, 0xff, 0xff, 0xff, 0xff, 0xfb,
    0xff, 0xff, 0xff, 0xfe, 0x0, 0x0, 0x0, 0x0,
    0x0, 0xff, 0xff, 0xff, 0xf0, 0x1f, 0xff, 0xff,
    0xff, 0x41, 0xf0, 0x0, 0x0, 0xf4, 0x1f, 0xff,
    0xff, 0xff, 0x41, 0xff, 0xff, 0xff, 0xf4, 0x1f,
    0x0, 0x0, 0xf, 0x41, 0xf0, 0x0, 0x0, 0xf4,
    0x1f, 0xff, 0xff, 0xff, 0x40, 0xff, 0xff, 0xff,
    0xf0,

    /* U+9875 "页" */
    0xbf, 0xff, 0xff, 0xff, 0xf2, 0xff, 0xff, 0xff,
    0xff, 0xc0, 0x0, 0x3d, 0x0, 0x0, 0x0, 0x56,
    0xf5, 0x55, 0x0, 0xf, 0xff, 0xff, 0xff, 0x0,
    0x3f, 0xaa, 0xaa, 0xfd, 0x0, 0xf4, 0x0, 0x0,
    0xf4, 0x3, 0xd0, 0x3d, 0x3, 0xd0, 0xf, 0x40,
    0xf4, 0xf, 0x40, 0x3d, 0x3, 0xd0, 0x3d, 0x0,
    0xf4, 0xf, 0x40, 0xf4, 0x3, 0xd0, 0xbe, 0x3,
    0xd0, 0x0, 0xb, 0xfe, 0x0, 0x0, 0x1, 0xfe,
    0xbf, 0x40, 0x1, 0xbf, 0xe0, 0xbf, 0xe4, 0x2f,
    0xf8, 0x0, 0x2f, 0xfc, 0x79, 0x0, 0x0, 0x6,
    0xe0, 0x0, 0x0, 0x0, 0x0, 0x0,

    /* U+98CE "风" */
    0xb, 0xff, 0xff, 0xff, 0x80, 0xf, 0xff, 0xff,
    0xff, 0xc0, 0xf, 0x94, 0x1, 0x9b, 0xc0, 0xf,
    0x7e, 0x3, 0xe7, 0xc0, 0xf, 0x5f, 0x3, 0xd7,
    0xc0, 0xf, 0x4b, 0xc7, 0xc7, 0xc0, 0xf, 0x43,
    0xef, 0x87, 0xc0, 0xf, 0x41, 0xff, 0x47, 0xc0,
    0xf, 0x40, 0xfe, 0x7, 0xc0, 0xf, 0x40, 0xbd,
    0x7, 0xc0, 0xf, 0x42, 0xff, 0x7, 0xc0, 0xf,
    0xb, 0xef, 0x87, 0xc0, 0xf, 0x2f, 0x8b, 0xc7,
    0xc0, 0x1f, 0xbe, 0x3, 0xe3, 0xd0, 0x2e, 0x74,
    0x1, 0xf7, 0xfc, 0x3d, 0x10, 0x0, 0x2, 0xfc,
    0x7c, 0x0, 0x0, 0x0, 0xb8,

    /* U+9996 "首" */
    0x0, 0xf8, 0x0, 0xf8, 0x0, 0x2, 0xf0, 0x3,
    0xd0, 0xb, 0xff, 0xff, 0xff, 0xff, 0x2f, 0xff,
    0xff, 0xff, 0xfc, 0x0, 0x1, 0xf0, 0x0, 0x0,
    0x2f, 0xff, 0xff, 0xfd, 0x0, 0xff, 0xff, 0xff,
    0xfc, 0x7, 0xd0, 0x0, 0x2, 0xf0, 0x1f, 0x0,
    0x0, 0x7, 0xc0, 0x7f, 0xff, 0xff, 0xff, 0x1,
    0xff, 0xff, 0xff, 0xfc, 0x7, 0xc0, 0x0, 0x1,
    0xf0, 0x1f, 0xff, 0xff, 0xff, 0xc0, 0x7f, 0xff,
    0xff, 0xff, 0x1, 0xf0, 0x0, 0x0, 0x7c, 0x7,
    0xc0, 0x0, 0x2, 0xf0, 0xf, 0xff, 0xff, 0xff,
    0xc0, 0x3f, 0xff, 0xff, 0xfe, 0x0
};


/*---------------------
 *  GLYPH DESCRIPTION
 *--------------------*/

static const lv_font_fmt_txt_glyph_dsc_t glyph_dsc[] = {
    {.bitmap_index = 0, .adv_w = 0, .box_w = 0, .box_h = 0, .ofs_x = 0, .ofs_y = 0} /* id = 0 reserved */,
    {.bitmap_index = 0, .adv_w = 80, .box_w = 0, .box_h = 0, .ofs_x = 0, .ofs_y = 0},
    {.bitmap_index = 0, .adv_w = 106, .box_w = 4, .box_h = 15, .ofs_x = 3, .ofs_y = 0},
    {.bitmap_index = 15, .adv_w = 142, .box_w = 6, .box_h = 5, .ofs_x = 3, .ofs_y = 10},
    {.bitmap_index = 23, .adv_w = 208, .box_w = 12, .box_h = 15, .ofs_x = 1, .ofs_y = 0},
    {.bitmap_index = 68, .adv_w = 182, .box_w = 11, .box_h = 20, .ofs_x = 1, .ofs_y = -2},
    {.bitmap_index = 123, .adv_w = 251, .box_w = 14, .box_h = 15, .ofs_x = 2, .ofs_y = 0},
    {.bitmap_index = 176, .adv_w = 229, .box_w = 14, .box_h = 15, .ofs_x = 2, .ofs_y = 0},
    {.bitmap_index = 229, .adv_w = 86, .box_w = 3, .box_h = 5, .ofs_x = 3, .ofs_y = 10},
    {.bitmap_index = 233, .adv_w = 108, .box_w = 7, .box_h = 19, .ofs_x = 2, .ofs_y = -2},
    {.bitmap_index = 267, .adv_w = 110, .box_w = 6, .box_h = 19, .ofs_x = 0, .ofs_y = -2},
    {.bitmap_index = 296, .adv_w = 149, .box_w = 9, .box_h = 9, .ofs_x = 1, .ofs_y = 6},
    {.bitmap_index = 317, .adv_w = 219, .box_w = 10, .box_h = 10, .ofs_x = 4, .ofs_y = 2},
    {.bitmap_index = 342, .adv_w = 81, .box_w = 5, .box_h = 5, .ofs_x = 0, .ofs_y = -2},
    {.bitmap_index = 349, .adv_w = 139, .box_w = 7, .box_h = 3, .ofs_x = 2, .ofs_y = 6},
    {.bitmap_index = 355, .adv_w = 81, .box_w = 4, .box_h = 3, .ofs_x = 2, .ofs_y = 0},
    {.bitmap_index = 358, .adv_w = 139, .box_w = 10, .box_h = 18, .ofs_x = -1, .ofs_y = -1},
    {.bitmap_index = 403, .adv_w = 187, .box_w = 10, .box_h = 15, .ofs_x = 2, .ofs_y = 0},
    {.bitmap_index = 441, .adv_w = 133, .box_w = 6, .box_h = 15, .ofs_x = 1, .ofs_y = 0},
    {.bitmap_index = 464, .adv_w = 180, .box_w = 11, .box_h = 15, .ofs_x = 1, .ofs_y = 0},
    {.bitmap_index = 506, .adv_w = 180, .box_w = 11, .box_h = 15, .ofs_x = 1, .ofs_y = 0},
    {.bitmap_index = 548, .adv_w = 180, .box_w = 11, .box_h = 15, .ofs_x = 1, .ofs_y = 0},
    {.bitmap_index = 590, .adv_w = 180, .box_w = 11, .box_h = 15, .ofs_x = 1, .ofs_y = 0},
    {.bitmap_index = 632, .adv_w = 179, .box_w = 11, .box_h = 15, .ofs_x = 1, .ofs_y = 0},
    {.bitmap_index = 674, .adv_w = 170, .box_w = 10, .box_h = 15, .ofs_x = 1, .ofs_y = 0},
    {.bitmap_index = 712, .adv_w = 181, .box_w = 11, .box_h = 15, .ofs_x = 1, .ofs_y = 0},
    {.bitmap_index = 754, .adv_w = 179, .box_w = 10, .box_h = 15, .ofs_x = 1, .ofs_y = 0},
    {.bitmap_index = 792, .adv_w = 81, .box_w = 4, .box_h = 11, .ofs_x = 2, .ofs_y = 0},
    {.bitmap_index = 803, .adv_w = 81, .box_w = 5, .box_h = 13, .ofs_x = 0, .ofs_y = -2},
    {.bitmap_index = 820, .adv_w = 219, .box_w = 10, .box_h = 12, .ofs_x = 4, .ofs_y = 1},
    {.bitmap_index = 850, .adv_w = 219, .box_w = 10, .box_h = 7, .ofs_x = 4, .ofs_y = 4},
    {.bitmap_index = 868, .adv_w = 219, .box_w = 10, .box_h = 12, .ofs_x = 4, .ofs_y = 1},
    {.bitmap_index = 898, .adv_w = 165, .box_w = 10, .box_h = 15, .ofs_x = 1, .ofs_y = 0},
    {.bitmap_index = 936, .adv_w = 284, .box_w = 16, .box_h = 17, .ofs_x = 2, .ofs_y = -2},
    {.bitmap_index = 1004, .adv_w = 208, .box_w = 14, .box_h = 15, .ofs_x = 0, .ofs_y = 0},
    {.bitmap_index = 1057, .adv_w = 205, .box_w = 11, .box_h = 15, .ofs_x = 3, .ofs_y = 0},
    {.bitmap_index = 1099, .adv_w = 186, .box_w = 11, .box_h = 15, .ofs_x = 2, .ofs_y = 0},
    {.bitmap_index = 1141, .adv_w = 213, .box_w = 11, .box_h = 15, .ofs_x = 3, .ofs_y = 0},
    {.bitmap_index = 1183, .adv_w = 186, .box_w = 10, .box_h = 15, .ofs_x = 3, .ofs_y = 0},
    {.bitmap_index = 1221, .adv_w = 181, .box_w = 10, .box_h = 15, .ofs_x = 3, .ofs_y = 0},
    {.bitmap_index = 1259, .adv_w = 208, .box_w = 11, .box_h = 15, .ofs_x = 2, .ofs_y = 0},
    {.bitmap_index = 1301, .adv_w = 235, .box_w = 12, .box_h = 15, .ofs_x = 3, .ofs_y = 0},
    {.bitmap_index = 1346, .adv_w = 95, .box_w = 3, .box_h = 15, .ofs_x = 3, .ofs_y = 0},
    {.bitmap_index = 1358, .adv_w = 130, .box_w = 7, .box_h = 15, .ofs_x = 0, .ofs_y = 0},
    {.bitmap_index = 1385, .adv_w = 198, .box_w = 12, .box_h = 15, .ofs_x = 3, .ofs_y = 0},
    {.bitmap_index = 1430, .adv_w = 176, .box_w = 10, .box_h = 15, .ofs_x = 3, .ofs_y = 0},
    {.bitmap_index = 1468, .adv_w = 270, .box_w = 14, .box_h = 15, .ofs_x = 3, .ofs_y = 0},
    {.bitmap_index = 1521, .adv_w = 231, .box_w = 12, .box_h = 15, .ofs_x = 3, .ofs_y = 0},
    {.bitmap_index = 1566, .adv_w = 213, .box_w = 12, .box_h = 15, .ofs_x = 2, .ofs_y = 0},
    {.bitmap_index = 1611, .adv_w = 199, .box_w = 11, .box_h = 15, .ofs_x = 3, .ofs_y = 0},
    {.bitmap_index = 1653, .adv_w = 213, .box_w = 12, .box_h = 16, .ofs_x = 2, .ofs_y = -1},
    {.bitmap_index = 1701, .adv_w = 203, .box_w = 11, .box_h = 15, .ofs_x = 3, .ofs_y = 0},
    {.bitmap_index = 1743, .adv_w = 182, .box_w = 11, .box_h = 15, .ofs_x = 1, .ofs_y = 0},
    {.bitmap_index = 1785, .adv_w = 178, .box_w = 11, .box_h = 15, .ofs_x = 0, .ofs_y = 0},
    {.bitmap_index = 1827, .adv_w = 216, .box_w = 12, .box_h = 15, .ofs_x = 2, .ofs_y = 0},
    {.bitmap_index = 1872, .adv_w = 191, .box_w = 12, .box_h = 15, .ofs_x = 0, .ofs_y = 0},
    {.bitmap_index = 1917, .adv_w = 296, .box_w = 19, .box_h = 15, .ofs_x = 0, .ofs_y = 0},
    {.bitmap_index = 1989, .adv_w = 196, .box_w = 13, .box_h = 15, .ofs_x = 0, .ofs_y = 0},
    {.bitmap_index = 2038, .adv_w = 188, .box_w = 12, .box_h = 15, .ofs_x = 0, .ofs_y = 0},
    {.bitmap_index = 2083, .adv_w = 184, .box_w = 11, .box_h = 15, .ofs_x = 1, .ofs_y = 0},
    {.bitmap_index = 2125, .adv_w = 108, .box_w = 5, .box_h = 19, .ofs_x = 4, .ofs_y = -2},
    {.bitmap_index = 2149, .adv_w = 139, .box_w = 10, .box_h = 18, .ofs_x = -1, .ofs_y = -1},
    {.bitmap_index = 2194, .adv_w = 108, .box_w = 6, .box_h = 19, .ofs_x = 0, .ofs_y = -2},
    {.bitmap_index = 2223, .adv_w = 179, .box_w = 11, .box_h = 9, .ofs_x = 1, .ofs_y = 7},
    {.bitmap_index = 2248, .adv_w = 144, .box_w = 9, .box_h = 2, .ofs_x = 0, .ofs_y = -3},
    {.bitmap_index = 2253, .adv_w = 121, .box_w = 5, .box_h = 4, .ofs_x = 2, .ofs_y = 12},
    {.bitmap_index = 2258, .adv_w = 167, .box_w = 9, .box_h = 11, .ofs_x = 1, .ofs_y = 0},
    {.bitmap_index = 2283, .adv_w = 184, .box_w = 9, .box_h = 15, .ofs_x = 3, .ofs_y = 0},
    {.bitmap_index = 2317, .adv_w = 148, .box_w = 8, .box_h = 11, .ofs_x = 2, .ofs_y = 0},
    {.bitmap_index = 2339, .adv_w = 184, .box_w = 9, .box_h = 15, .ofs_x = 2, .ofs_y = 0},
    {.bitmap_index = 2373, .adv_w = 175, .box_w = 10, .box_h = 11, .ofs_x = 2, .ofs_y = 0},
    {.bitmap_index = 2401, .adv_w = 115, .box_w = 8, .box_h = 15, .ofs_x = 0, .ofs_y = 0},
    {.bitmap_index = 2431, .adv_w = 184, .box_w = 9, .box_h = 15, .ofs_x = 2, .ofs_y = -4},
    {.bitmap_index = 2465, .adv_w = 185, .box_w = 9, .box_h = 15, .ofs_x = 3, .ofs_y = 0},
    {.bitmap_index = 2499, .adv_w = 87, .box_w = 4, .box_h = 15, .ofs_x = 2, .ofs_y = 0},
    {.bitmap_index = 2514, .adv_w = 87, .box_w = 5, .box_h = 19, .ofs_x = -1, .ofs_y = -4},
    {.bitmap_index = 2538, .adv_w = 172, .box_w = 10, .box_h = 15, .ofs_x = 3, .ofs_y = 0},
    {.bitmap_index = 2576, .adv_w = 87, .box_w = 3, .box_h = 15, .ofs_x = 3, .ofs_y = 0},
    {.bitmap_index = 2588, .adv_w = 286, .box_w = 15, .box_h = 11, .ofs_x = 3, .ofs_y = 0},
    {.bitmap_index = 2630, .adv_w = 185, .box_w = 9, .box_h = 11, .ofs_x = 3, .ofs_y = 0},
    {.bitmap_index = 2655, .adv_w = 176, .box_w = 10, .box_h = 11, .ofs_x = 2, .ofs_y = 0},
    {.bitmap_index = 2683, .adv_w = 184, .box_w = 9, .box_h = 15, .ofs_x = 3, .ofs_y = -4},
    {.bitmap_index = 2717, .adv_w = 184, .box_w = 9, .box_h = 15, .ofs_x = 2, .ofs_y = -4},
    {.bitmap_index = 2751, .adv_w = 120, .box_w = 6, .box_h = 11, .ofs_x = 3, .ofs_y = 0},
    {.bitmap_index = 2768, .adv_w = 147, .box_w = 8, .box_h = 11, .ofs_x = 1, .ofs_y = 0},
    {.bitmap_index = 2790, .adv_w = 114, .box_w = 7, .box_h = 14, .ofs_x = 0, .ofs_y = 0},
    {.bitmap_index = 2815, .adv_w = 185, .box_w = 10, .box_h = 11, .ofs_x = 2, .ofs_y = 0},
    {.bitmap_index = 2843, .adv_w = 165, .box_w = 11, .box_h = 11, .ofs_x = 0, .ofs_y = 0},
    {.bitmap_index = 2874, .adv_w = 244, .box_w = 16, .box_h = 11, .ofs_x = 0, .ofs_y = 0},
    {.bitmap_index = 2918, .adv_w = 162, .box_w = 11, .box_h = 11, .ofs_x = 0, .ofs_y = 0},
    {.bitmap_index = 2949, .adv_w = 160, .box_w = 10, .box_h = 15, .ofs_x = 0, .ofs_y = -4},
    {.bitmap_index = 2987, .adv_w = 151, .box_w = 9, .box_h = 11, .ofs_x = 1, .ofs_y = 0},
    {.bitmap_index = 3012, .adv_w = 109, .box_w = 7, .box_h = 19, .ofs_x = 1, .ofs_y = -2},
    {.bitmap_index = 3046, .adv_w = 95, .box_w = 3, .box_h = 18, .ofs_x = 3, .ofs_y = -1},
    {.bitmap_index = 3060, .adv_w = 109, .box_w = 6, .box_h = 19, .ofs_x = 1, .ofs_y = -2},
    {.bitmap_index = 3089, .adv_w = 193, .box_w = 12, .box_h = 4, .ofs_x = 1, .ofs_y = 5},
    {.bitmap_index = 3101, .adv_w = 320, .box_w = 19, .box_h = 3, .ofs_x = 1, .ofs_y = 6},
    {.bitmap_index = 3116, .adv_w = 320, .box_w = 19, .box_h = 16, .ofs_x = 1, .ofs_y = -1},
    {.bitmap_index = 3192, .adv_w = 320, .box_w = 19, .box_h = 18, .ofs_x = 2, .ofs_y = -2},
    {.bitmap_index = 3278, .adv_w = 320, .box_w = 18, .box_h = 17, .ofs_x = 2, .ofs_y = -2},
    {.bitmap_index = 3355, .adv_w = 320, .box_w = 18, .box_h = 18, .ofs_x = 2, .ofs_y = -2},
    {.bitmap_index = 3436, .adv_w = 320, .box_w = 18, .box_h = 19, .ofs_x = 2, .ofs_y = -3},
    {.bitmap_index = 3522, .adv_w = 320, .box_w = 18, .box_h = 16, .ofs_x = 2, .ofs_y = -1},
    {.bitmap_index = 3594, .adv_w = 320, .box_w = 19, .box_h = 17, .ofs_x = 1, .ofs_y = -2},
    {.bitmap_index = 3675, .adv_w = 320, .box_w = 19, .box_h = 17, .ofs_x = 1, .ofs_y = -2},
    {.bitmap_index = 3756, .adv_w = 320, .box_w = 19, .box_h = 19, .ofs_x = 1, .ofs_y = -3},
    {.bitmap_index = 3847, .adv_w = 320, .box_w = 20, .box_h = 18, .ofs_x = 1, .ofs_y = -2},
    {.bitmap_index = 3937, .adv_w = 320, .box_w = 20, .box_h = 19, .ofs_x = 0, .ofs_y = -3},
    {.bitmap_index = 4032, .adv_w = 320, .box_w = 19, .box_h = 18, .ofs_x = 1, .ofs_y = -2},
    {.bitmap_index = 4118, .adv_w = 320, .box_w = 19, .box_h = 18, .ofs_x = 1, .ofs_y = -2},
    {.bitmap_index = 4204, .adv_w = 320, .box_w = 17, .box_h = 18, .ofs_x = 3, .ofs_y = -2},
    {.bitmap_index = 4281, .adv_w = 320, .box_w = 19, .box_h = 19, .ofs_x = 1, .ofs_y = -3},
    {.bitmap_index = 4372, .adv_w = 320, .box_w = 19, .box_h = 18, .ofs_x = 1, .ofs_y = -2},
    {.bitmap_index = 4458, .adv_w = 320, .box_w = 19, .box_h = 19, .ofs_x = 0, .ofs_y = -3},
    {.bitmap_index = 4549, .adv_w = 320, .box_w = 19, .box_h = 18, .ofs_x = 1, .ofs_y = -2},
    {.bitmap_index = 4635, .adv_w = 320, .box_w = 18, .box_h = 18, .ofs_x = 2, .ofs_y = -2},
    {.bitmap_index = 4716, .adv_w = 320, .box_w = 20, .box_h = 18, .ofs_x = 1, .ofs_y = -2},
    {.bitmap_index = 4806, .adv_w = 320, .box_w = 20, .box_h = 17, .ofs_x = 1, .ofs_y = -2},
    {.bitmap_index = 4891, .adv_w = 320, .box_w = 19, .box_h = 17, .ofs_x = 1, .ofs_y = -2},
    {.bitmap_index = 4972, .adv_w = 320, .box_w = 18, .box_h = 18, .ofs_x = 2, .ofs_y = -2},
    {.bitmap_index = 5053, .adv_w = 320, .box_w = 20, .box_h = 18, .ofs_x = 1, .ofs_y = -2},
    {.bitmap_index = 5143, .adv_w = 320, .box_w = 18, .box_h = 17, .ofs_x = 1, .ofs_y = -2},
    {.bitmap_index = 5220, .adv_w = 320, .box_w = 20, .box_h = 17, .ofs_x = 1, .ofs_y = -2},
    {.bitmap_index = 5305, .adv_w = 320, .box_w = 18, .box_h = 17, .ofs_x = 3, .ofs_y = -2},
    {.bitmap_index = 5382, .adv_w = 320, .box_w = 18, .box_h = 17, .ofs_x = 3, .ofs_y = -2},
    {.bitmap_index = 5459, .adv_w = 320, .box_w = 19, .box_h = 18, .ofs_x = 1, .ofs_y = -2},
    {.bitmap_index = 5545, .adv_w = 320, .box_w = 18, .box_h = 18, .ofs_x = 2, .ofs_y = -2},
    {.bitmap_index = 5626, .adv_w = 320, .box_w = 19, .box_h = 18, .ofs_x = 1, .ofs_y = -2},
    {.bitmap_index = 5712, .adv_w = 320, .box_w = 20, .box_h = 19, .ofs_x = 1, .ofs_y = -3},
    {.bitmap_index = 5807, .adv_w = 320, .box_w = 19, .box_h = 19, .ofs_x = 1, .ofs_y = -3},
    {.bitmap_index = 5898, .adv_w = 320, .box_w = 19, .box_h = 18, .ofs_x = 1, .ofs_y = -2},
    {.bitmap_index = 5984, .adv_w = 320, .box_w = 19, .box_h = 19, .ofs_x = 1, .ofs_y = -3},
    {.bitmap_index = 6075, .adv_w = 320, .box_w = 19, .box_h = 18, .ofs_x = 1, .ofs_y = -2},
    {.bitmap_index = 6161, .adv_w = 320, .box_w = 19, .box_h = 18, .ofs_x = 1, .ofs_y = -2},
    {.bitmap_index = 6247, .adv_w = 320, .box_w = 18, .box_h = 18, .ofs_x = 2, .ofs_y = -3},
    {.bitmap_index = 6328, .adv_w = 320, .box_w = 19, .box_h = 18, .ofs_x = 1, .ofs_y = -2},
    {.bitmap_index = 6414, .adv_w = 320, .box_w = 19, .box_h = 19, .ofs_x = 1, .ofs_y = -3},
    {.bitmap_index = 6505, .adv_w = 320, .box_w = 19, .box_h = 18, .ofs_x = 1, .ofs_y = -3},
    {.bitmap_index = 6591, .adv_w = 320, .box_w = 19, .box_h = 18, .ofs_x = 2, .ofs_y = -2},
    {.bitmap_index = 6677, .adv_w = 320, .box_w = 20, .box_h = 19, .ofs_x = 1, .ofs_y = -3},
    {.bitmap_index = 6772, .adv_w = 320, .box_w = 19, .box_h = 19, .ofs_x = 1, .ofs_y = -3},
    {.bitmap_index = 6863, .adv_w = 320, .box_w = 19, .box_h = 19, .ofs_x = 1, .ofs_y = -3},
    {.bitmap_index = 6954, .adv_w = 320, .box_w = 19, .box_h = 18, .ofs_x = 1, .ofs_y = -2},
    {.bitmap_index = 7040, .adv_w = 320, .box_w = 19, .box_h = 18, .ofs_x = 1, .ofs_y = -2},
    {.bitmap_index = 7126, .adv_w = 320, .box_w = 20, .box_h = 20, .ofs_x = 1, .ofs_y = -3},
    {.bitmap_index = 7226, .adv_w = 320, .box_w = 20, .box_h = 18, .ofs_x = 1, .ofs_y = -2},
    {.bitmap_index = 7316, .adv_w = 320, .box_w = 19, .box_h = 19, .ofs_x = 1, .ofs_y = -3},
    {.bitmap_index = 7407, .adv_w = 320, .box_w = 18, .box_h = 19, .ofs_x = 3, .ofs_y = -3},
    {.bitmap_index = 7493, .adv_w = 320, .box_w = 16, .box_h = 17, .ofs_x = 5, .ofs_y = -2},
    {.bitmap_index = 7561, .adv_w = 320, .box_w = 19, .box_h = 19, .ofs_x = 2, .ofs_y = -3},
    {.bitmap_index = 7652, .adv_w = 320, .box_w = 20, .box_h = 18, .ofs_x = 1, .ofs_y = -3},
    {.bitmap_index = 7742, .adv_w = 320, .box_w = 19, .box_h = 18, .ofs_x = 2, .ofs_y = -2},
    {.bitmap_index = 7828, .adv_w = 320, .box_w = 18, .box_h = 18, .ofs_x = 2, .ofs_y = -2},
    {.bitmap_index = 7909, .adv_w = 320, .box_w = 19, .box_h = 18, .ofs_x = 2, .ofs_y = -2},
    {.bitmap_index = 7995, .adv_w = 320, .box_w = 18, .box_h = 17, .ofs_x = 2, .ofs_y = -2},
    {.bitmap_index = 8072, .adv_w = 320, .box_w = 18, .box_h = 18, .ofs_x = 2, .ofs_y = -2},
    {.bitmap_index = 8153, .adv_w = 320, .box_w = 19, .box_h = 19, .ofs_x = 1, .ofs_y = -3},
    {.bitmap_index = 8244, .adv_w = 320, .box_w = 20, .box_h = 18, .ofs_x = 1, .ofs_y = -2},
    {.bitmap_index = 8334, .adv_w = 320, .box_w = 20, .box_h = 18, .ofs_x = 1, .ofs_y = -2},
    {.bitmap_index = 8424, .adv_w = 320, .box_w = 19, .box_h = 18, .ofs_x = 2, .ofs_y = -2},
    {.bitmap_index = 8510, .adv_w = 320, .box_w = 19, .box_h = 17, .ofs_x = 2, .ofs_y = -2},
    {.bitmap_index = 8591, .adv_w = 320, .box_w = 18, .box_h = 18, .ofs_x = 2, .ofs_y = -2},
    {.bitmap_index = 8672, .adv_w = 320, .box_w = 19, .box_h = 18, .ofs_x = 1, .ofs_y = -2},
    {.bitmap_index = 8758, .adv_w = 320, .box_w = 19, .box_h = 18, .ofs_x = 1, .ofs_y = -2},
    {.bitmap_index = 8844, .adv_w = 320, .box_w = 20, .box_h = 19, .ofs_x = 1, .ofs_y = -3},
    {.bitmap_index = 8939, .adv_w = 320, .box_w = 19, .box_h = 18, .ofs_x = 1, .ofs_y = -2},
    {.bitmap_index = 9025, .adv_w = 320, .box_w = 20, .box_h = 19, .ofs_x = 1, .ofs_y = -2},
    {.bitmap_index = 9120, .adv_w = 320, .box_w = 18, .box_h = 19, .ofs_x = 2, .ofs_y = -3},
    {.bitmap_index = 9206, .adv_w = 320, .box_w = 19, .box_h = 18, .ofs_x = 1, .ofs_y = -2},
    {.bitmap_index = 9292, .adv_w = 320, .box_w = 19, .box_h = 18, .ofs_x = 2, .ofs_y = -3},
    {.bitmap_index = 9378, .adv_w = 320, .box_w = 19, .box_h = 18, .ofs_x = 1, .ofs_y = -2},
    {.bitmap_index = 9464, .adv_w = 320, .box_w = 19, .box_h = 18, .ofs_x = 1, .ofs_y = -2},
    {.bitmap_index = 9550, .adv_w = 320, .box_w = 19, .box_h = 18, .ofs_x = 2, .ofs_y = -3},
    {.bitmap_index = 9636, .adv_w = 320, .box_w = 18, .box_h = 19, .ofs_x = 2, .ofs_y = -3},
    {.bitmap_index = 9722, .adv_w = 320, .box_w = 19, .box_h = 18, .ofs_x = 1, .ofs_y = -2},
    {.bitmap_index = 9808, .adv_w = 320, .box_w = 20, .box_h = 18, .ofs_x = 1, .ofs_y = -2},
    {.bitmap_index = 9898, .adv_w = 320, .box_w = 20, .box_h = 19, .ofs_x = 1, .ofs_y = -3},
    {.bitmap_index = 9993, .adv_w = 320, .box_w = 19, .box_h = 18, .ofs_x = 1, .ofs_y = -2},
    {.bitmap_index = 10079, .adv_w = 320, .box_w = 17, .box_h = 17, .ofs_x = 3, .ofs_y = -2},
    {.bitmap_index = 10152, .adv_w = 320, .box_w = 20, .box_h = 17, .ofs_x = 1, .ofs_y = -2},
    {.bitmap_index = 10237, .adv_w = 320, .box_w = 19, .box_h = 18, .ofs_x = 1, .ofs_y = -2},
    {.bitmap_index = 10323, .adv_w = 320, .box_w = 20, .box_h = 18, .ofs_x = 1, .ofs_y = -2},
    {.bitmap_index = 10413, .adv_w = 320, .box_w = 19, .box_h = 18, .ofs_x = 1, .ofs_y = -2},
    {.bitmap_index = 10499, .adv_w = 320, .box_w = 20, .box_h = 19, .ofs_x = 1, .ofs_y = -2},
    {.bitmap_index = 10594, .adv_w = 320, .box_w = 20, .box_h = 18, .ofs_x = 1, .ofs_y = -2},
    {.bitmap_index = 10684, .adv_w = 320, .box_w = 20, .box_h = 18, .ofs_x = 1, .ofs_y = -2},
    {.bitmap_index = 10774, .adv_w = 320, .box_w = 20, .box_h = 18, .ofs_x = 1, .ofs_y = -2},
    {.bitmap_index = 10864, .adv_w = 320, .box_w = 19, .box_h = 18, .ofs_x = 2, .ofs_y = -2},
    {.bitmap_index = 10950, .adv_w = 320, .box_w = 20, .box_h = 19, .ofs_x = 1, .ofs_y = -3},
    {.bitmap_index = 11045, .adv_w = 320, .box_w = 20, .box_h = 19, .ofs_x = 1, .ofs_y = -3},
    {.bitmap_index = 11140, .adv_w = 320, .box_w = 19, .box_h = 19, .ofs_x = 1, .ofs_y = -3},
    {.bitmap_index = 11231, .adv_w = 320, .box_w = 20, .box_h = 19, .ofs_x = 1, .ofs_y = -3},
    {.bitmap_index = 11326, .adv_w = 320, .box_w = 20, .box_h = 19, .ofs_x = 1, .ofs_y = -3},
    {.bitmap_index = 11421, .adv_w = 320, .box_w = 20, .box_h = 18, .ofs_x = 1, .ofs_y = -2},
    {.bitmap_index = 11511, .adv_w = 320, .box_w = 19, .box_h = 20, .ofs_x = 1, .ofs_y = -3},
    {.bitmap_index = 11606, .adv_w = 320, .box_w = 19, .box_h = 19, .ofs_x = 1, .ofs_y = -3},
    {.bitmap_index = 11697, .adv_w = 320, .box_w = 19, .box_h = 19, .ofs_x = 1, .ofs_y = -3},
    {.bitmap_index = 11788, .adv_w = 320, .box_w = 19, .box_h = 19, .ofs_x = 1, .ofs_y = -3},
    {.bitmap_index = 11879, .adv_w = 320, .box_w = 18, .box_h = 18, .ofs_x = 2, .ofs_y = -2},
    {.bitmap_index = 11960, .adv_w = 320, .box_w = 19, .box_h = 17, .ofs_x = 1, .ofs_y = -2},
    {.bitmap_index = 12041, .adv_w = 320, .box_w = 19, .box_h = 20, .ofs_x = 1, .ofs_y = -3},
    {.bitmap_index = 12136, .adv_w = 320, .box_w = 18, .box_h = 18, .ofs_x = 3, .ofs_y = -3},
    {.bitmap_index = 12217, .adv_w = 320, .box_w = 17, .box_h = 17, .ofs_x = 3, .ofs_y = -2},
    {.bitmap_index = 12290, .adv_w = 320, .box_w = 18, .box_h = 18, .ofs_x = 3, .ofs_y = -2},
    {.bitmap_index = 12371, .adv_w = 320, .box_w = 18, .box_h = 18, .ofs_x = 2, .ofs_y = -3},
    {.bitmap_index = 12452, .adv_w = 320, .box_w = 19, .box_h = 19, .ofs_x = 1, .ofs_y = -3},
    {.bitmap_index = 12543, .adv_w = 320, .box_w = 18, .box_h = 18, .ofs_x = 2, .ofs_y = -2},
    {.bitmap_index = 12624, .adv_w = 320, .box_w = 19, .box_h = 18, .ofs_x = 2, .ofs_y = -3},
    {.bitmap_index = 12710, .adv_w = 320, .box_w = 20, .box_h = 17, .ofs_x = 1, .ofs_y = -2},
    {.bitmap_index = 12795, .adv_w = 320, .box_w = 19, .box_h = 18, .ofs_x = 2, .ofs_y = -2}
};

/*---------------------
 *  CHARACTER MAPPING
 *--------------------*/

static const uint16_t unicode_list_1[] = {
    0x0, 0x9, 0xa, 0xb, 0x3b, 0x50, 0x8c, 0x91,
    0x94, 0xae, 0x1dd, 0x25c, 0x36d, 0x373, 0x3fa, 0x420,
    0x49f, 0x4a0, 0x4a8, 0x555, 0x561, 0x5d6, 0x626, 0x62f,
    0x64a, 0x668, 0x868, 0x8db, 0x8de, 0x928, 0xb1a, 0xb31,
    0xbcb, 0xd58, 0xd8c, 0xd9a, 0xdf9, 0xe11, 0xff2, 0x1074,
    0x10a6, 0x1100, 0x12c5, 0x1410, 0x146b, 0x15a5, 0x15cf, 0x15d0,
    0x161c, 0x16ad, 0x173e, 0x17ad, 0x17e5, 0x17f6, 0x182f, 0x1874,
    0x1882, 0x1896, 0x1908, 0x1917, 0x191f, 0x192a, 0x19e5, 0x1d62,
    0x1d63, 0x1dd4, 0x1e5f, 0x1f88, 0x1ffb, 0x2029, 0x205b, 0x228e,
    0x22ed, 0x2459, 0x290b, 0x2a6e, 0x2b3a, 0x2f22, 0x30dc, 0x30e7,
    0x30ed, 0x3116, 0x3151, 0x316e, 0x35dc, 0x36dd, 0x3c00, 0x3d66,
    0x3da4, 0x3dbe, 0x3dd5, 0x3de6, 0x3ded, 0x3def, 0x3f25, 0x3ff3,
    0x417d, 0x4191, 0x41c7, 0x41d4, 0x41de, 0x4200, 0x43cd, 0x43cf,
    0x4719, 0x47f4, 0x4834, 0x4864, 0x48e8, 0x4959, 0x49f3, 0x4a75,
    0x4ace, 0x4b96
};

/*Collect the unicode lists and glyph_id offsets*/
static const lv_font_fmt_txt_cmap_t cmaps[] =
{
    {
        .range_start = 32, .range_length = 95, .glyph_id_start = 1,
        .unicode_list = NULL, .glyph_id_ofs_list = NULL, .list_length = 0, .type = LV_FONT_FMT_TXT_CMAP_FORMAT0_TINY
    },
    {
        .range_start = 19968, .range_length = 19351, .glyph_id_start = 96,
        .unicode_list = unicode_list_1, .glyph_id_ofs_list = NULL, .list_length = 114, .type = LV_FONT_FMT_TXT_CMAP_SPARSE_TINY
    }
};



/*--------------------
 *  ALL CUSTOM DATA
 *--------------------*/

#if LVGL_VERSION_MAJOR == 8
/*Store all the custom data of the font*/
static  lv_font_fmt_txt_glyph_cache_t cache;
#endif

#if LVGL_VERSION_MAJOR >= 8
static const lv_font_fmt_txt_dsc_t font_dsc = {
#else
static lv_font_fmt_txt_dsc_t font_dsc = {
#endif
    .glyph_bitmap = glyph_bitmap,
    .glyph_dsc = glyph_dsc,
    .cmaps = cmaps,
    .kern_dsc = NULL,
    .kern_scale = 0,
    .cmap_num = 2,
    .bpp = 2,
    .kern_classes = 0,
    .bitmap_format = 0,
#if LVGL_VERSION_MAJOR == 8
    .cache = &cache
#endif
};

extern const lv_font_t lv_font_simsun_16_cjk;


/*-----------------
 *  PUBLIC FONT
 *----------------*/

/*Initialize a public general font descriptor*/
#if LVGL_VERSION_MAJOR >= 8
const lv_font_t tiktok20 = {
#else
lv_font_t tiktok20 = {
#endif
    .get_glyph_dsc = lv_font_get_glyph_dsc_fmt_txt,    /*Function pointer to get glyph's data*/
    .get_glyph_bitmap = lv_font_get_bitmap_fmt_txt,    /*Function pointer to get glyph's bitmap*/
    .line_height = 22,          /*The maximum line height required by the font*/
    .base_line = 4,             /*Baseline measured from the bottom of the line*/
#if !(LVGL_VERSION_MAJOR == 6 && LVGL_VERSION_MINOR == 0)
    .subpx = LV_FONT_SUBPX_NONE,
#endif
#if LV_VERSION_CHECK(7, 4, 0) || LVGL_VERSION_MAJOR >= 8
    .underline_position = -2,
    .underline_thickness = 1,
#endif
    .dsc = &font_dsc,          /*The custom font data. Will be accessed by `get_glyph_bitmap/dsc` */
#if LV_VERSION_CHECK(8, 2, 0) || LVGL_VERSION_MAJOR >= 9
    .fallback = &lv_font_simsun_16_cjk,
#endif
    .user_data = NULL,
};



#endif /*#if TIKTOK20*/

